filename,category_id,chinese_name,english_name
img_000175.jpg,164,紫叶竹节秋海棠（紫竹梅）,Tradescantia pallida
img_000067.jpg,164,紫叶竹节秋海棠（紫竹梅）,Tradescantia pallida
img_000199.jpg,164,紫叶竹节秋海棠（紫竹梅）,Tradescantia pallida
img_000144.jpg,164,紫叶竹节秋海棠（紫竹梅）,Tradescantia pallida
img_000116.jpg,164,紫叶竹节秋海棠（紫竹梅）,Tradescantia pallida
img_000111.jpg,164,紫叶竹节秋海棠（紫竹梅）,Tradescantia pallida
img_000135.jpg,164,紫叶竹节秋海棠（紫竹梅）,Tradescantia pallida
img_000118.jpg,164,紫叶竹节秋海棠（紫竹梅）,Tradescantia pallida
img_000176.jpg,164,紫叶竹节秋海棠（紫竹梅）,Tradescantia pallida
img_000183.jpg,164,紫叶竹节秋海棠（紫竹梅）,Tradescantia pallida
img_000060.jpg,164,紫叶竹节秋海棠（紫竹梅）,Tradescantia pallida
img_000069.jpg,164,紫叶竹节秋海棠（紫竹梅）,Tradescantia pallida
img_000106.jpg,164,紫叶竹节秋海棠（紫竹梅）,Tradescantia pallida
img_000126.jpg,164,紫叶竹节秋海棠（紫竹梅）,Tradescantia pallida
img_000201.jpg,164,紫叶竹节秋海棠（紫竹梅）,Tradescantia pallida
img_000155.jpg,164,紫叶竹节秋海棠（紫竹梅）,Tradescantia pallida
img_000186.jpg,164,紫叶竹节秋海棠（紫竹梅）,Tradescantia pallida
img_000188.jpg,164,紫叶竹节秋海棠（紫竹梅）,Tradescantia pallida
img_000215.jpg,164,紫叶竹节秋海棠（紫竹梅）,Tradescantia pallida
img_000127.jpg,164,紫叶竹节秋海棠（紫竹梅）,Tradescantia pallida
img_000317.jpg,165,龙牙草（仙鹤草）,Agrimonia eupatoria
img_000425.jpg,165,龙牙草（仙鹤草）,Agrimonia eupatoria
img_000397.jpg,165,龙牙草（仙鹤草）,Agrimonia eupatoria
img_000473.jpg,165,龙牙草（仙鹤草）,Agrimonia eupatoria
img_000367.jpg,165,龙牙草（仙鹤草）,Agrimonia eupatoria
img_000490.jpg,165,龙牙草（仙鹤草）,Agrimonia eupatoria
img_000448.jpg,165,龙牙草（仙鹤草）,Agrimonia eupatoria
img_000310.jpg,165,龙牙草（仙鹤草）,Agrimonia eupatoria
img_000319.jpg,165,龙牙草（仙鹤草）,Agrimonia eupatoria
img_000429.jpg,165,龙牙草（仙鹤草）,Agrimonia eupatoria
img_000491.jpg,165,龙牙草（仙鹤草）,Agrimonia eupatoria
img_000346.jpg,165,龙牙草（仙鹤草）,Agrimonia eupatoria
img_000493.jpg,165,龙牙草（仙鹤草）,Agrimonia eupatoria
img_000465.jpg,165,龙牙草（仙鹤草）,Agrimonia eupatoria
img_000402.jpg,165,龙牙草（仙鹤草）,Agrimonia eupatoria
img_000370.jpg,165,龙牙草（仙鹤草）,Agrimonia eupatoria
img_000427.jpg,165,龙牙草（仙鹤草）,Agrimonia eupatoria
img_000424.jpg,165,龙牙草（仙鹤草）,Agrimonia eupatoria
img_000376.jpg,165,龙牙草（仙鹤草）,Agrimonia eupatoria
img_000379.jpg,165,龙牙草（仙鹤草）,Agrimonia eupatoria
img_000674.jpg,166,络石（风车茉莉）,Trachelospermum jasminoides
img_000566.jpg,166,络石（风车茉莉）,Trachelospermum jasminoides
img_000698.jpg,166,络石（风车茉莉）,Trachelospermum jasminoides
img_000643.jpg,166,络石（风车茉莉）,Trachelospermum jasminoides
img_000615.jpg,166,络石（风车茉莉）,Trachelospermum jasminoides
img_000610.jpg,166,络石（风车茉莉）,Trachelospermum jasminoides
img_000634.jpg,166,络石（风车茉莉）,Trachelospermum jasminoides
img_000617.jpg,166,络石（风车茉莉）,Trachelospermum jasminoides
img_000675.jpg,166,络石（风车茉莉）,Trachelospermum jasminoides
img_000682.jpg,166,络石（风车茉莉）,Trachelospermum jasminoides
img_000559.jpg,166,络石（风车茉莉）,Trachelospermum jasminoides
img_000568.jpg,166,络石（风车茉莉）,Trachelospermum jasminoides
img_000605.jpg,166,络石（风车茉莉）,Trachelospermum jasminoides
img_000625.jpg,166,络石（风车茉莉）,Trachelospermum jasminoides
img_000700.jpg,166,络石（风车茉莉）,Trachelospermum jasminoides
img_000654.jpg,166,络石（风车茉莉）,Trachelospermum jasminoides
img_000685.jpg,166,络石（风车茉莉）,Trachelospermum jasminoides
img_000687.jpg,166,络石（风车茉莉）,Trachelospermum jasminoides
img_000714.jpg,166,络石（风车茉莉）,Trachelospermum jasminoides
img_000626.jpg,166,络石（风车茉莉）,Trachelospermum jasminoides
img_000924.jpg,167,湖北荚蒾,Eriocapitella hupehensis
img_000816.jpg,167,湖北荚蒾,Eriocapitella hupehensis
img_000948.jpg,167,湖北荚蒾,Eriocapitella hupehensis
img_000893.jpg,167,湖北荚蒾,Eriocapitella hupehensis
img_000865.jpg,167,湖北荚蒾,Eriocapitella hupehensis
img_000860.jpg,167,湖北荚蒾,Eriocapitella hupehensis
img_000884.jpg,167,湖北荚蒾,Eriocapitella hupehensis
img_000867.jpg,167,湖北荚蒾,Eriocapitella hupehensis
img_000925.jpg,167,湖北荚蒾,Eriocapitella hupehensis
img_000932.jpg,167,湖北荚蒾,Eriocapitella hupehensis
img_000809.jpg,167,湖北荚蒾,Eriocapitella hupehensis
img_000818.jpg,167,湖北荚蒾,Eriocapitella hupehensis
img_000855.jpg,167,湖北荚蒾,Eriocapitella hupehensis
img_000875.jpg,167,湖北荚蒾,Eriocapitella hupehensis
img_000950.jpg,167,湖北荚蒾,Eriocapitella hupehensis
img_000904.jpg,167,湖北荚蒾,Eriocapitella hupehensis
img_000935.jpg,167,湖北荚蒾,Eriocapitella hupehensis
img_000937.jpg,167,湖北荚蒾,Eriocapitella hupehensis
img_000964.jpg,167,湖北荚蒾,Eriocapitella hupehensis
img_000876.jpg,167,湖北荚蒾,Eriocapitella hupehensis
img_001066.jpg,169,旱金莲,Tropaeolum majus
img_001174.jpg,169,旱金莲,Tropaeolum majus
img_001146.jpg,169,旱金莲,Tropaeolum majus
img_001222.jpg,169,旱金莲,Tropaeolum majus
img_001116.jpg,169,旱金莲,Tropaeolum majus
img_001239.jpg,169,旱金莲,Tropaeolum majus
img_001197.jpg,169,旱金莲,Tropaeolum majus
img_001059.jpg,169,旱金莲,Tropaeolum majus
img_001068.jpg,169,旱金莲,Tropaeolum majus
img_001178.jpg,169,旱金莲,Tropaeolum majus
img_001240.jpg,169,旱金莲,Tropaeolum majus
img_001095.jpg,169,旱金莲,Tropaeolum majus
img_001242.jpg,169,旱金莲,Tropaeolum majus
img_001214.jpg,169,旱金莲,Tropaeolum majus
img_001151.jpg,169,旱金莲,Tropaeolum majus
img_001119.jpg,169,旱金莲,Tropaeolum majus
img_001176.jpg,169,旱金莲,Tropaeolum majus
img_001173.jpg,169,旱金莲,Tropaeolum majus
img_001125.jpg,169,旱金莲,Tropaeolum majus
img_001128.jpg,169,旱金莲,Tropaeolum majus
img_001423.jpg,171,白花雪果,Symphoricarpos albus
img_001315.jpg,171,白花雪果,Symphoricarpos albus
img_001447.jpg,171,白花雪果,Symphoricarpos albus
img_001392.jpg,171,白花雪果,Symphoricarpos albus
img_001364.jpg,171,白花雪果,Symphoricarpos albus
img_001359.jpg,171,白花雪果,Symphoricarpos albus
img_001383.jpg,171,白花雪果,Symphoricarpos albus
img_001366.jpg,171,白花雪果,Symphoricarpos albus
img_001424.jpg,171,白花雪果,Symphoricarpos albus
img_001431.jpg,171,白花雪果,Symphoricarpos albus
img_001308.jpg,171,白花雪果,Symphoricarpos albus
img_001317.jpg,171,白花雪果,Symphoricarpos albus
img_001354.jpg,171,白花雪果,Symphoricarpos albus
img_001374.jpg,171,白花雪果,Symphoricarpos albus
img_001449.jpg,171,白花雪果,Symphoricarpos albus
img_001403.jpg,171,白花雪果,Symphoricarpos albus
img_001434.jpg,171,白花雪果,Symphoricarpos albus
img_001436.jpg,171,白花雪果,Symphoricarpos albus
img_001463.jpg,171,白花雪果,Symphoricarpos albus
img_001375.jpg,171,白花雪果,Symphoricarpos albus
img_001673.jpg,172,吊兰,Chlorophytum comosum
img_001565.jpg,172,吊兰,Chlorophytum comosum
img_001697.jpg,172,吊兰,Chlorophytum comosum
img_001642.jpg,172,吊兰,Chlorophytum comosum
img_001614.jpg,172,吊兰,Chlorophytum comosum
img_001609.jpg,172,吊兰,Chlorophytum comosum
img_001633.jpg,172,吊兰,Chlorophytum comosum
img_001616.jpg,172,吊兰,Chlorophytum comosum
img_001674.jpg,172,吊兰,Chlorophytum comosum
img_001681.jpg,172,吊兰,Chlorophytum comosum
img_001558.jpg,172,吊兰,Chlorophytum comosum
img_001567.jpg,172,吊兰,Chlorophytum comosum
img_001604.jpg,172,吊兰,Chlorophytum comosum
img_001624.jpg,172,吊兰,Chlorophytum comosum
img_001699.jpg,172,吊兰,Chlorophytum comosum
img_001653.jpg,172,吊兰,Chlorophytum comosum
img_001684.jpg,172,吊兰,Chlorophytum comosum
img_001686.jpg,172,吊兰,Chlorophytum comosum
img_001713.jpg,172,吊兰,Chlorophytum comosum
img_001625.jpg,172,吊兰,Chlorophytum comosum
img_001923.jpg,173,啤酒花,Humulus lupulus
img_001815.jpg,173,啤酒花,Humulus lupulus
img_001947.jpg,173,啤酒花,Humulus lupulus
img_001892.jpg,173,啤酒花,Humulus lupulus
img_001864.jpg,173,啤酒花,Humulus lupulus
img_001859.jpg,173,啤酒花,Humulus lupulus
img_001883.jpg,173,啤酒花,Humulus lupulus
img_001866.jpg,173,啤酒花,Humulus lupulus
img_001924.jpg,173,啤酒花,Humulus lupulus
img_001931.jpg,173,啤酒花,Humulus lupulus
img_001808.jpg,173,啤酒花,Humulus lupulus
img_001817.jpg,173,啤酒花,Humulus lupulus
img_001854.jpg,173,啤酒花,Humulus lupulus
img_001874.jpg,173,啤酒花,Humulus lupulus
img_001949.jpg,173,啤酒花,Humulus lupulus
img_001903.jpg,173,啤酒花,Humulus lupulus
img_001934.jpg,173,啤酒花,Humulus lupulus
img_001936.jpg,173,啤酒花,Humulus lupulus
img_001963.jpg,173,啤酒花,Humulus lupulus
img_001875.jpg,173,啤酒花,Humulus lupulus
img_002173.jpg,174,白景天,Sedum album
img_002065.jpg,174,白景天,Sedum album
img_002197.jpg,174,白景天,Sedum album
img_002142.jpg,174,白景天,Sedum album
img_002114.jpg,174,白景天,Sedum album
img_002109.jpg,174,白景天,Sedum album
img_002133.jpg,174,白景天,Sedum album
img_002116.jpg,174,白景天,Sedum album
img_002174.jpg,174,白景天,Sedum album
img_002181.jpg,174,白景天,Sedum album
img_002058.jpg,174,白景天,Sedum album
img_002067.jpg,174,白景天,Sedum album
img_002104.jpg,174,白景天,Sedum album
img_002124.jpg,174,白景天,Sedum album
img_002199.jpg,174,白景天,Sedum album
img_002153.jpg,174,白景天,Sedum album
img_002184.jpg,174,白景天,Sedum album
img_002186.jpg,174,白景天,Sedum album
img_002213.jpg,174,白景天,Sedum album
img_002125.jpg,174,白景天,Sedum album
img_002423.jpg,176,忍冬（金银花）,Lonicera japonica
img_002315.jpg,176,忍冬（金银花）,Lonicera japonica
img_002447.jpg,176,忍冬（金银花）,Lonicera japonica
img_002392.jpg,176,忍冬（金银花）,Lonicera japonica
img_002364.jpg,176,忍冬（金银花）,Lonicera japonica
img_002359.jpg,176,忍冬（金银花）,Lonicera japonica
img_002383.jpg,176,忍冬（金银花）,Lonicera japonica
img_002366.jpg,176,忍冬（金银花）,Lonicera japonica
img_002424.jpg,176,忍冬（金银花）,Lonicera japonica
img_002431.jpg,176,忍冬（金银花）,Lonicera japonica
img_002308.jpg,176,忍冬（金银花）,Lonicera japonica
img_002317.jpg,176,忍冬（金银花）,Lonicera japonica
img_002354.jpg,176,忍冬（金银花）,Lonicera japonica
img_002374.jpg,176,忍冬（金银花）,Lonicera japonica
img_002449.jpg,176,忍冬（金银花）,Lonicera japonica
img_002403.jpg,176,忍冬（金银花）,Lonicera japonica
img_002434.jpg,176,忍冬（金银花）,Lonicera japonica
img_002436.jpg,176,忍冬（金银花）,Lonicera japonica
img_002463.jpg,176,忍冬（金银花）,Lonicera japonica
img_002375.jpg,176,忍冬（金银花）,Lonicera japonica
img_002565.jpg,177,紫花老鹳草,Geranium purpureum
img_002673.jpg,177,紫花老鹳草,Geranium purpureum
img_002645.jpg,177,紫花老鹳草,Geranium purpureum
img_002721.jpg,177,紫花老鹳草,Geranium purpureum
img_002615.jpg,177,紫花老鹳草,Geranium purpureum
img_002738.jpg,177,紫花老鹳草,Geranium purpureum
img_002696.jpg,177,紫花老鹳草,Geranium purpureum
img_002558.jpg,177,紫花老鹳草,Geranium purpureum
img_002567.jpg,177,紫花老鹳草,Geranium purpureum
img_002677.jpg,177,紫花老鹳草,Geranium purpureum
img_002739.jpg,177,紫花老鹳草,Geranium purpureum
img_002594.jpg,177,紫花老鹳草,Geranium purpureum
img_002741.jpg,177,紫花老鹳草,Geranium purpureum
img_002713.jpg,177,紫花老鹳草,Geranium purpureum
img_002650.jpg,177,紫花老鹳草,Geranium purpureum
img_002618.jpg,177,紫花老鹳草,Geranium purpureum
img_002675.jpg,177,紫花老鹳草,Geranium purpureum
img_002672.jpg,177,紫花老鹳草,Geranium purpureum
img_002624.jpg,177,紫花老鹳草,Geranium purpureum
img_002627.jpg,177,紫花老鹳草,Geranium purpureum
img_002922.jpg,178,榆叶黑莓,Rubus ulmifolius
img_002814.jpg,178,榆叶黑莓,Rubus ulmifolius
img_002946.jpg,178,榆叶黑莓,Rubus ulmifolius
img_002891.jpg,178,榆叶黑莓,Rubus ulmifolius
img_002863.jpg,178,榆叶黑莓,Rubus ulmifolius
img_002858.jpg,178,榆叶黑莓,Rubus ulmifolius
img_002882.jpg,178,榆叶黑莓,Rubus ulmifolius
img_002865.jpg,178,榆叶黑莓,Rubus ulmifolius
img_002923.jpg,178,榆叶黑莓,Rubus ulmifolius
img_002930.jpg,178,榆叶黑莓,Rubus ulmifolius
img_002807.jpg,178,榆叶黑莓,Rubus ulmifolius
img_002816.jpg,178,榆叶黑莓,Rubus ulmifolius
img_002853.jpg,178,榆叶黑莓,Rubus ulmifolius
img_002873.jpg,178,榆叶黑莓,Rubus ulmifolius
img_002948.jpg,178,榆叶黑莓,Rubus ulmifolius
img_002902.jpg,178,榆叶黑莓,Rubus ulmifolius
img_002933.jpg,178,榆叶黑莓,Rubus ulmifolius
img_002935.jpg,178,榆叶黑莓,Rubus ulmifolius
img_002962.jpg,178,榆叶黑莓,Rubus ulmifolius
img_002874.jpg,178,榆叶黑莓,Rubus ulmifolius
img_003160.jpg,179,蓝铃花,Hyacinthoides non-scripta
img_003141.jpg,179,蓝铃花,Hyacinthoides non-scripta
img_003186.jpg,179,蓝铃花,Hyacinthoides non-scripta
img_003093.jpg,179,蓝铃花,Hyacinthoides non-scripta
img_003133.jpg,179,蓝铃花,Hyacinthoides non-scripta
img_003115.jpg,179,蓝铃花,Hyacinthoides non-scripta
img_003176.jpg,179,蓝铃花,Hyacinthoides non-scripta
img_003221.jpg,179,蓝铃花,Hyacinthoides non-scripta
img_003078.jpg,179,蓝铃花,Hyacinthoides non-scripta
img_003116.jpg,179,蓝铃花,Hyacinthoides non-scripta
img_003130.jpg,179,蓝铃花,Hyacinthoides non-scripta
img_003167.jpg,179,蓝铃花,Hyacinthoides non-scripta
img_003231.jpg,179,蓝铃花,Hyacinthoides non-scripta
img_003072.jpg,179,蓝铃花,Hyacinthoides non-scripta
img_003185.jpg,179,蓝铃花,Hyacinthoides non-scripta
img_003143.jpg,179,蓝铃花,Hyacinthoides non-scripta
img_003104.jpg,179,蓝铃花,Hyacinthoides non-scripta
img_003067.jpg,179,蓝铃花,Hyacinthoides non-scripta
img_003170.jpg,179,蓝铃花,Hyacinthoides non-scripta
img_003124.jpg,179,蓝铃花,Hyacinthoides non-scripta
img_003406.jpg,180,熊葱（野蒜）,Allium ursinum
img_003387.jpg,180,熊葱（野蒜）,Allium ursinum
img_003432.jpg,180,熊葱（野蒜）,Allium ursinum
img_003339.jpg,180,熊葱（野蒜）,Allium ursinum
img_003379.jpg,180,熊葱（野蒜）,Allium ursinum
img_003361.jpg,180,熊葱（野蒜）,Allium ursinum
img_003422.jpg,180,熊葱（野蒜）,Allium ursinum
img_003467.jpg,180,熊葱（野蒜）,Allium ursinum
img_003324.jpg,180,熊葱（野蒜）,Allium ursinum
img_003362.jpg,180,熊葱（野蒜）,Allium ursinum
img_003376.jpg,180,熊葱（野蒜）,Allium ursinum
img_003413.jpg,180,熊葱（野蒜）,Allium ursinum
img_003477.jpg,180,熊葱（野蒜）,Allium ursinum
img_003318.jpg,180,熊葱（野蒜）,Allium ursinum
img_003431.jpg,180,熊葱（野蒜）,Allium ursinum
img_003389.jpg,180,熊葱（野蒜）,Allium ursinum
img_003350.jpg,180,熊葱（野蒜）,Allium ursinum
img_003313.jpg,180,熊葱（野蒜）,Allium ursinum
img_003416.jpg,180,熊葱（野蒜）,Allium ursinum
img_003370.jpg,180,熊葱（野蒜）,Allium ursinum
img_003664.jpg,183,林生水苏,Stachys sylvatica
img_003556.jpg,183,林生水苏,Stachys sylvatica
img_003688.jpg,183,林生水苏,Stachys sylvatica
img_003633.jpg,183,林生水苏,Stachys sylvatica
img_003605.jpg,183,林生水苏,Stachys sylvatica
img_003600.jpg,183,林生水苏,Stachys sylvatica
img_003624.jpg,183,林生水苏,Stachys sylvatica
img_003607.jpg,183,林生水苏,Stachys sylvatica
img_003665.jpg,183,林生水苏,Stachys sylvatica
img_003672.jpg,183,林生水苏,Stachys sylvatica
img_003549.jpg,183,林生水苏,Stachys sylvatica
img_003558.jpg,183,林生水苏,Stachys sylvatica
img_003595.jpg,183,林生水苏,Stachys sylvatica
img_003615.jpg,183,林生水苏,Stachys sylvatica
img_003690.jpg,183,林生水苏,Stachys sylvatica
img_003644.jpg,183,林生水苏,Stachys sylvatica
img_003675.jpg,183,林生水苏,Stachys sylvatica
img_003677.jpg,183,林生水苏,Stachys sylvatica
img_003704.jpg,183,林生水苏,Stachys sylvatica
img_003616.jpg,183,林生水苏,Stachys sylvatica
img_003914.jpg,184,马铃薯（阳芋）,Solanum tuberosum
img_003806.jpg,184,马铃薯（阳芋）,Solanum tuberosum
img_003938.jpg,184,马铃薯（阳芋）,Solanum tuberosum
img_003883.jpg,184,马铃薯（阳芋）,Solanum tuberosum
img_003855.jpg,184,马铃薯（阳芋）,Solanum tuberosum
img_003850.jpg,184,马铃薯（阳芋）,Solanum tuberosum
img_003874.jpg,184,马铃薯（阳芋）,Solanum tuberosum
img_003857.jpg,184,马铃薯（阳芋）,Solanum tuberosum
img_003915.jpg,184,马铃薯（阳芋）,Solanum tuberosum
img_003922.jpg,184,马铃薯（阳芋）,Solanum tuberosum
img_003799.jpg,184,马铃薯（阳芋）,Solanum tuberosum
img_003808.jpg,184,马铃薯（阳芋）,Solanum tuberosum
img_003845.jpg,184,马铃薯（阳芋）,Solanum tuberosum
img_003865.jpg,184,马铃薯（阳芋）,Solanum tuberosum
img_003940.jpg,184,马铃薯（阳芋）,Solanum tuberosum
img_003894.jpg,184,马铃薯（阳芋）,Solanum tuberosum
img_003925.jpg,184,马铃薯（阳芋）,Solanum tuberosum
img_003927.jpg,184,马铃薯（阳芋）,Solanum tuberosum
img_003954.jpg,184,马铃薯（阳芋）,Solanum tuberosum
img_003866.jpg,184,马铃薯（阳芋）,Solanum tuberosum
img_004164.jpg,185,玫瑰,Rosa rugosa
img_004056.jpg,185,玫瑰,Rosa rugosa
img_004188.jpg,185,玫瑰,Rosa rugosa
img_004133.jpg,185,玫瑰,Rosa rugosa
img_004105.jpg,185,玫瑰,Rosa rugosa
img_004100.jpg,185,玫瑰,Rosa rugosa
img_004124.jpg,185,玫瑰,Rosa rugosa
img_004107.jpg,185,玫瑰,Rosa rugosa
img_004165.jpg,185,玫瑰,Rosa rugosa
img_004172.jpg,185,玫瑰,Rosa rugosa
img_004049.jpg,185,玫瑰,Rosa rugosa
img_004058.jpg,185,玫瑰,Rosa rugosa
img_004095.jpg,185,玫瑰,Rosa rugosa
img_004115.jpg,185,玫瑰,Rosa rugosa
img_004190.jpg,185,玫瑰,Rosa rugosa
img_004144.jpg,185,玫瑰,Rosa rugosa
img_004175.jpg,185,玫瑰,Rosa rugosa
img_004177.jpg,185,玫瑰,Rosa rugosa
img_004204.jpg,185,玫瑰,Rosa rugosa
img_004116.jpg,185,玫瑰,Rosa rugosa
img_004414.jpg,186,紫花红门兰,Orchis purpurea
img_004306.jpg,186,紫花红门兰,Orchis purpurea
img_004438.jpg,186,紫花红门兰,Orchis purpurea
img_004383.jpg,186,紫花红门兰,Orchis purpurea
img_004355.jpg,186,紫花红门兰,Orchis purpurea
img_004350.jpg,186,紫花红门兰,Orchis purpurea
img_004374.jpg,186,紫花红门兰,Orchis purpurea
img_004357.jpg,186,紫花红门兰,Orchis purpurea
img_004415.jpg,186,紫花红门兰,Orchis purpurea
img_004422.jpg,186,紫花红门兰,Orchis purpurea
img_004299.jpg,186,紫花红门兰,Orchis purpurea
img_004308.jpg,186,紫花红门兰,Orchis purpurea
img_004345.jpg,186,紫花红门兰,Orchis purpurea
img_004365.jpg,186,紫花红门兰,Orchis purpurea
img_004440.jpg,186,紫花红门兰,Orchis purpurea
img_004394.jpg,186,紫花红门兰,Orchis purpurea
img_004425.jpg,186,紫花红门兰,Orchis purpurea
img_004427.jpg,186,紫花红门兰,Orchis purpurea
img_004454.jpg,186,紫花红门兰,Orchis purpurea
img_004366.jpg,186,紫花红门兰,Orchis purpurea
img_004664.jpg,188,欧洲忍冬,Lonicera xylosteum
img_004556.jpg,188,欧洲忍冬,Lonicera xylosteum
img_004688.jpg,188,欧洲忍冬,Lonicera xylosteum
img_004633.jpg,188,欧洲忍冬,Lonicera xylosteum
img_004605.jpg,188,欧洲忍冬,Lonicera xylosteum
img_004600.jpg,188,欧洲忍冬,Lonicera xylosteum
img_004624.jpg,188,欧洲忍冬,Lonicera xylosteum
img_004607.jpg,188,欧洲忍冬,Lonicera xylosteum
img_004665.jpg,188,欧洲忍冬,Lonicera xylosteum
img_004672.jpg,188,欧洲忍冬,Lonicera xylosteum
img_004549.jpg,188,欧洲忍冬,Lonicera xylosteum
img_004558.jpg,188,欧洲忍冬,Lonicera xylosteum
img_004595.jpg,188,欧洲忍冬,Lonicera xylosteum
img_004615.jpg,188,欧洲忍冬,Lonicera xylosteum
img_004690.jpg,188,欧洲忍冬,Lonicera xylosteum
img_004644.jpg,188,欧洲忍冬,Lonicera xylosteum
img_004675.jpg,188,欧洲忍冬,Lonicera xylosteum
img_004677.jpg,188,欧洲忍冬,Lonicera xylosteum
img_004704.jpg,188,欧洲忍冬,Lonicera xylosteum
img_004616.jpg,188,欧洲忍冬,Lonicera xylosteum
img_004914.jpg,189,柠檬,Citrus × limon
img_004806.jpg,189,柠檬,Citrus × limon
img_004938.jpg,189,柠檬,Citrus × limon
img_004883.jpg,189,柠檬,Citrus × limon
img_004855.jpg,189,柠檬,Citrus × limon
img_004850.jpg,189,柠檬,Citrus × limon
img_004874.jpg,189,柠檬,Citrus × limon
img_004857.jpg,189,柠檬,Citrus × limon
img_004915.jpg,189,柠檬,Citrus × limon
img_004922.jpg,189,柠檬,Citrus × limon
img_004799.jpg,189,柠檬,Citrus × limon
img_004808.jpg,189,柠檬,Citrus × limon
img_004845.jpg,189,柠檬,Citrus × limon
img_004865.jpg,189,柠檬,Citrus × limon
img_004940.jpg,189,柠檬,Citrus × limon
img_004894.jpg,189,柠檬,Citrus × limon
img_004925.jpg,189,柠檬,Citrus × limon
img_004927.jpg,189,柠檬,Citrus × limon
img_004954.jpg,189,柠檬,Citrus × limon
img_004866.jpg,189,柠檬,Citrus × limon
img_005163.jpg,190,血色老鹳草,Geranium sanguineum
img_005184.jpg,190,血色老鹳草,Geranium sanguineum
img_005106.jpg,190,血色老鹳草,Geranium sanguineum
img_005085.jpg,190,血色老鹳草,Geranium sanguineum
img_005198.jpg,190,血色老鹳草,Geranium sanguineum
img_005155.jpg,190,血色老鹳草,Geranium sanguineum
img_005107.jpg,190,血色老鹳草,Geranium sanguineum
img_005133.jpg,190,血色老鹳草,Geranium sanguineum
img_005070.jpg,190,血色老鹳草,Geranium sanguineum
img_005141.jpg,190,血色老鹳草,Geranium sanguineum
img_005158.jpg,190,血色老鹳草,Geranium sanguineum
img_005115.jpg,190,血色老鹳草,Geranium sanguineum
img_005064.jpg,190,血色老鹳草,Geranium sanguineum
img_005212.jpg,190,血色老鹳草,Geranium sanguineum
img_005167.jpg,190,血色老鹳草,Geranium sanguineum
img_005209.jpg,190,血色老鹳草,Geranium sanguineum
img_005059.jpg,190,血色老鹳草,Geranium sanguineum
img_005208.jpg,190,血色老鹳草,Geranium sanguineum
img_005113.jpg,190,血色老鹳草,Geranium sanguineum
img_005045.jpg,190,血色老鹳草,Geranium sanguineum
img_005397.jpg,192,叶子花（三角梅）,Bougainvillea spectabilis
img_005378.jpg,192,叶子花（三角梅）,Bougainvillea spectabilis
img_005424.jpg,192,叶子花（三角梅）,Bougainvillea spectabilis
img_005330.jpg,192,叶子花（三角梅）,Bougainvillea spectabilis
img_005370.jpg,192,叶子花（三角梅）,Bougainvillea spectabilis
img_005352.jpg,192,叶子花（三角梅）,Bougainvillea spectabilis
img_005432.jpg,192,叶子花（三角梅）,Bougainvillea spectabilis
img_005459.jpg,192,叶子花（三角梅）,Bougainvillea spectabilis
img_005315.jpg,192,叶子花（三角梅）,Bougainvillea spectabilis
img_005353.jpg,192,叶子花（三角梅）,Bougainvillea spectabilis
img_005367.jpg,192,叶子花（三角梅）,Bougainvillea spectabilis
img_005404.jpg,192,叶子花（三角梅）,Bougainvillea spectabilis
img_005469.jpg,192,叶子花（三角梅）,Bougainvillea spectabilis
img_005309.jpg,192,叶子花（三角梅）,Bougainvillea spectabilis
img_005417.jpg,192,叶子花（三角梅）,Bougainvillea spectabilis
img_005380.jpg,192,叶子花（三角梅）,Bougainvillea spectabilis
img_005341.jpg,192,叶子花（三角梅）,Bougainvillea spectabilis
img_005304.jpg,192,叶子花（三角梅）,Bougainvillea spectabilis
img_005407.jpg,192,叶子花（三角梅）,Bougainvillea spectabilis
img_005361.jpg,192,叶子花（三角梅）,Bougainvillea spectabilis
img_005656.jpg,193,大麦,Hordeum vulgare
img_005548.jpg,193,大麦,Hordeum vulgare
img_005680.jpg,193,大麦,Hordeum vulgare
img_005625.jpg,193,大麦,Hordeum vulgare
img_005597.jpg,193,大麦,Hordeum vulgare
img_005592.jpg,193,大麦,Hordeum vulgare
img_005616.jpg,193,大麦,Hordeum vulgare
img_005599.jpg,193,大麦,Hordeum vulgare
img_005657.jpg,193,大麦,Hordeum vulgare
img_005664.jpg,193,大麦,Hordeum vulgare
img_005541.jpg,193,大麦,Hordeum vulgare
img_005550.jpg,193,大麦,Hordeum vulgare
img_005587.jpg,193,大麦,Hordeum vulgare
img_005607.jpg,193,大麦,Hordeum vulgare
img_005682.jpg,193,大麦,Hordeum vulgare
img_005636.jpg,193,大麦,Hordeum vulgare
img_005667.jpg,193,大麦,Hordeum vulgare
img_005669.jpg,193,大麦,Hordeum vulgare
img_005696.jpg,193,大麦,Hordeum vulgare
img_005608.jpg,193,大麦,Hordeum vulgare
img_005798.jpg,194,撒尔维亚叶岩蔷薇,Cistus salviifolius
img_005906.jpg,194,撒尔维亚叶岩蔷薇,Cistus salviifolius
img_005878.jpg,194,撒尔维亚叶岩蔷薇,Cistus salviifolius
img_005954.jpg,194,撒尔维亚叶岩蔷薇,Cistus salviifolius
img_005848.jpg,194,撒尔维亚叶岩蔷薇,Cistus salviifolius
img_005971.jpg,194,撒尔维亚叶岩蔷薇,Cistus salviifolius
img_005929.jpg,194,撒尔维亚叶岩蔷薇,Cistus salviifolius
img_005791.jpg,194,撒尔维亚叶岩蔷薇,Cistus salviifolius
img_005800.jpg,194,撒尔维亚叶岩蔷薇,Cistus salviifolius
img_005910.jpg,194,撒尔维亚叶岩蔷薇,Cistus salviifolius
img_005972.jpg,194,撒尔维亚叶岩蔷薇,Cistus salviifolius
img_005827.jpg,194,撒尔维亚叶岩蔷薇,Cistus salviifolius
img_005974.jpg,194,撒尔维亚叶岩蔷薇,Cistus salviifolius
img_005946.jpg,194,撒尔维亚叶岩蔷薇,Cistus salviifolius
img_005883.jpg,194,撒尔维亚叶岩蔷薇,Cistus salviifolius
img_005851.jpg,194,撒尔维亚叶岩蔷薇,Cistus salviifolius
img_005908.jpg,194,撒尔维亚叶岩蔷薇,Cistus salviifolius
img_005905.jpg,194,撒尔维亚叶岩蔷薇,Cistus salviifolius
img_005857.jpg,194,撒尔维亚叶岩蔷薇,Cistus salviifolius
img_005860.jpg,194,撒尔维亚叶岩蔷薇,Cistus salviifolius
img_006047.jpg,195,罗勒,Ocimum basilicum
img_006155.jpg,195,罗勒,Ocimum basilicum
img_006127.jpg,195,罗勒,Ocimum basilicum
img_006203.jpg,195,罗勒,Ocimum basilicum
img_006097.jpg,195,罗勒,Ocimum basilicum
img_006220.jpg,195,罗勒,Ocimum basilicum
img_006178.jpg,195,罗勒,Ocimum basilicum
img_006040.jpg,195,罗勒,Ocimum basilicum
img_006049.jpg,195,罗勒,Ocimum basilicum
img_006159.jpg,195,罗勒,Ocimum basilicum
img_006221.jpg,195,罗勒,Ocimum basilicum
img_006076.jpg,195,罗勒,Ocimum basilicum
img_006223.jpg,195,罗勒,Ocimum basilicum
img_006195.jpg,195,罗勒,Ocimum basilicum
img_006132.jpg,195,罗勒,Ocimum basilicum
img_006100.jpg,195,罗勒,Ocimum basilicum
img_006157.jpg,195,罗勒,Ocimum basilicum
img_006154.jpg,195,罗勒,Ocimum basilicum
img_006106.jpg,195,罗勒,Ocimum basilicum
img_006109.jpg,195,罗勒,Ocimum basilicum
img_006296.jpg,197,白毛岩蔷薇,Cistus albidus
img_006404.jpg,197,白毛岩蔷薇,Cistus albidus
img_006376.jpg,197,白毛岩蔷薇,Cistus albidus
img_006452.jpg,197,白毛岩蔷薇,Cistus albidus
img_006346.jpg,197,白毛岩蔷薇,Cistus albidus
img_006469.jpg,197,白毛岩蔷薇,Cistus albidus
img_006427.jpg,197,白毛岩蔷薇,Cistus albidus
img_006289.jpg,197,白毛岩蔷薇,Cistus albidus
img_006298.jpg,197,白毛岩蔷薇,Cistus albidus
img_006408.jpg,197,白毛岩蔷薇,Cistus albidus
img_006470.jpg,197,白毛岩蔷薇,Cistus albidus
img_006325.jpg,197,白毛岩蔷薇,Cistus albidus
img_006472.jpg,197,白毛岩蔷薇,Cistus albidus
img_006444.jpg,197,白毛岩蔷薇,Cistus albidus
img_006381.jpg,197,白毛岩蔷薇,Cistus albidus
img_006349.jpg,197,白毛岩蔷薇,Cistus albidus
img_006406.jpg,197,白毛岩蔷薇,Cistus albidus
img_006403.jpg,197,白毛岩蔷薇,Cistus albidus
img_006355.jpg,197,白毛岩蔷薇,Cistus albidus
img_006358.jpg,197,白毛岩蔷薇,Cistus albidus
img_006545.jpg,198,喉管草,Campanula trachelium
img_006653.jpg,198,喉管草,Campanula trachelium
img_006625.jpg,198,喉管草,Campanula trachelium
img_006701.jpg,198,喉管草,Campanula trachelium
img_006595.jpg,198,喉管草,Campanula trachelium
img_006718.jpg,198,喉管草,Campanula trachelium
img_006676.jpg,198,喉管草,Campanula trachelium
img_006538.jpg,198,喉管草,Campanula trachelium
img_006547.jpg,198,喉管草,Campanula trachelium
img_006657.jpg,198,喉管草,Campanula trachelium
img_006719.jpg,198,喉管草,Campanula trachelium
img_006574.jpg,198,喉管草,Campanula trachelium
img_006721.jpg,198,喉管草,Campanula trachelium
img_006693.jpg,198,喉管草,Campanula trachelium
img_006630.jpg,198,喉管草,Campanula trachelium
img_006598.jpg,198,喉管草,Campanula trachelium
img_006655.jpg,198,喉管草,Campanula trachelium
img_006652.jpg,198,喉管草,Campanula trachelium
img_006604.jpg,198,喉管草,Campanula trachelium
img_006607.jpg,198,喉管草,Campanula trachelium
img_006902.jpg,199,欧石楠,Calluna vulgaris
img_006794.jpg,199,欧石楠,Calluna vulgaris
img_006926.jpg,199,欧石楠,Calluna vulgaris
img_006871.jpg,199,欧石楠,Calluna vulgaris
img_006843.jpg,199,欧石楠,Calluna vulgaris
img_006838.jpg,199,欧石楠,Calluna vulgaris
img_006862.jpg,199,欧石楠,Calluna vulgaris
img_006845.jpg,199,欧石楠,Calluna vulgaris
img_006903.jpg,199,欧石楠,Calluna vulgaris
img_006910.jpg,199,欧石楠,Calluna vulgaris
img_006787.jpg,199,欧石楠,Calluna vulgaris
img_006796.jpg,199,欧石楠,Calluna vulgaris
img_006833.jpg,199,欧石楠,Calluna vulgaris
img_006853.jpg,199,欧石楠,Calluna vulgaris
img_006928.jpg,199,欧石楠,Calluna vulgaris
img_006882.jpg,199,欧石楠,Calluna vulgaris
img_006913.jpg,199,欧石楠,Calluna vulgaris
img_006915.jpg,199,欧石楠,Calluna vulgaris
img_006942.jpg,199,欧石楠,Calluna vulgaris
img_006854.jpg,199,欧石楠,Calluna vulgaris
img_007044.jpg,200,滨菊,Leucanthemum vulgare
img_007152.jpg,200,滨菊,Leucanthemum vulgare
img_007124.jpg,200,滨菊,Leucanthemum vulgare
img_007200.jpg,200,滨菊,Leucanthemum vulgare
img_007094.jpg,200,滨菊,Leucanthemum vulgare
img_007217.jpg,200,滨菊,Leucanthemum vulgare
img_007175.jpg,200,滨菊,Leucanthemum vulgare
img_007037.jpg,200,滨菊,Leucanthemum vulgare
img_007046.jpg,200,滨菊,Leucanthemum vulgare
img_007156.jpg,200,滨菊,Leucanthemum vulgare
img_007218.jpg,200,滨菊,Leucanthemum vulgare
img_007073.jpg,200,滨菊,Leucanthemum vulgare
img_007220.jpg,200,滨菊,Leucanthemum vulgare
img_007192.jpg,200,滨菊,Leucanthemum vulgare
img_007129.jpg,200,滨菊,Leucanthemum vulgare
img_007097.jpg,200,滨菊,Leucanthemum vulgare
img_007154.jpg,200,滨菊,Leucanthemum vulgare
img_007151.jpg,200,滨菊,Leucanthemum vulgare
img_007103.jpg,200,滨菊,Leucanthemum vulgare
img_007106.jpg,200,滨菊,Leucanthemum vulgare
img_007401.jpg,201,续随子,Euphorbia lathyris
img_007293.jpg,201,续随子,Euphorbia lathyris
img_007425.jpg,201,续随子,Euphorbia lathyris
img_007370.jpg,201,续随子,Euphorbia lathyris
img_007342.jpg,201,续随子,Euphorbia lathyris
img_007337.jpg,201,续随子,Euphorbia lathyris
img_007361.jpg,201,续随子,Euphorbia lathyris
img_007344.jpg,201,续随子,Euphorbia lathyris
img_007402.jpg,201,续随子,Euphorbia lathyris
img_007409.jpg,201,续随子,Euphorbia lathyris
img_007286.jpg,201,续随子,Euphorbia lathyris
img_007295.jpg,201,续随子,Euphorbia lathyris
img_007332.jpg,201,续随子,Euphorbia lathyris
img_007352.jpg,201,续随子,Euphorbia lathyris
img_007427.jpg,201,续随子,Euphorbia lathyris
img_007381.jpg,201,续随子,Euphorbia lathyris
img_007412.jpg,201,续随子,Euphorbia lathyris
img_007414.jpg,201,续随子,Euphorbia lathyris
img_007441.jpg,201,续随子,Euphorbia lathyris
img_007353.jpg,201,续随子,Euphorbia lathyris
img_007651.jpg,202,荠菜,Capsella bursa-pastoris
img_007543.jpg,202,荠菜,Capsella bursa-pastoris
img_007675.jpg,202,荠菜,Capsella bursa-pastoris
img_007620.jpg,202,荠菜,Capsella bursa-pastoris
img_007592.jpg,202,荠菜,Capsella bursa-pastoris
img_007587.jpg,202,荠菜,Capsella bursa-pastoris
img_007611.jpg,202,荠菜,Capsella bursa-pastoris
img_007594.jpg,202,荠菜,Capsella bursa-pastoris
img_007652.jpg,202,荠菜,Capsella bursa-pastoris
img_007659.jpg,202,荠菜,Capsella bursa-pastoris
img_007536.jpg,202,荠菜,Capsella bursa-pastoris
img_007545.jpg,202,荠菜,Capsella bursa-pastoris
img_007582.jpg,202,荠菜,Capsella bursa-pastoris
img_007602.jpg,202,荠菜,Capsella bursa-pastoris
img_007677.jpg,202,荠菜,Capsella bursa-pastoris
img_007631.jpg,202,荠菜,Capsella bursa-pastoris
img_007662.jpg,202,荠菜,Capsella bursa-pastoris
img_007664.jpg,202,荠菜,Capsella bursa-pastoris
img_007691.jpg,202,荠菜,Capsella bursa-pastoris
img_007603.jpg,202,荠菜,Capsella bursa-pastoris
img_007901.jpg,203,日本小檗（红叶小檗）,Berberis thunbergii
img_007793.jpg,203,日本小檗（红叶小檗）,Berberis thunbergii
img_007925.jpg,203,日本小檗（红叶小檗）,Berberis thunbergii
img_007870.jpg,203,日本小檗（红叶小檗）,Berberis thunbergii
img_007842.jpg,203,日本小檗（红叶小檗）,Berberis thunbergii
img_007837.jpg,203,日本小檗（红叶小檗）,Berberis thunbergii
img_007861.jpg,203,日本小檗（红叶小檗）,Berberis thunbergii
img_007844.jpg,203,日本小檗（红叶小檗）,Berberis thunbergii
img_007902.jpg,203,日本小檗（红叶小檗）,Berberis thunbergii
img_007909.jpg,203,日本小檗（红叶小檗）,Berberis thunbergii
img_007786.jpg,203,日本小檗（红叶小檗）,Berberis thunbergii
img_007795.jpg,203,日本小檗（红叶小檗）,Berberis thunbergii
img_007832.jpg,203,日本小檗（红叶小檗）,Berberis thunbergii
img_007852.jpg,203,日本小檗（红叶小檗）,Berberis thunbergii
img_007927.jpg,203,日本小檗（红叶小檗）,Berberis thunbergii
img_007881.jpg,203,日本小檗（红叶小檗）,Berberis thunbergii
img_007912.jpg,203,日本小檗（红叶小檗）,Berberis thunbergii
img_007914.jpg,203,日本小檗（红叶小檗）,Berberis thunbergii
img_007941.jpg,203,日本小檗（红叶小檗）,Berberis thunbergii
img_007853.jpg,203,日本小檗（红叶小檗）,Berberis thunbergii
img_008151.jpg,204,洋水仙（黄水仙）,Narcissus pseudonarcissus
img_008043.jpg,204,洋水仙（黄水仙）,Narcissus pseudonarcissus
img_008175.jpg,204,洋水仙（黄水仙）,Narcissus pseudonarcissus
img_008120.jpg,204,洋水仙（黄水仙）,Narcissus pseudonarcissus
img_008092.jpg,204,洋水仙（黄水仙）,Narcissus pseudonarcissus
img_008087.jpg,204,洋水仙（黄水仙）,Narcissus pseudonarcissus
img_008111.jpg,204,洋水仙（黄水仙）,Narcissus pseudonarcissus
img_008094.jpg,204,洋水仙（黄水仙）,Narcissus pseudonarcissus
img_008152.jpg,204,洋水仙（黄水仙）,Narcissus pseudonarcissus
img_008159.jpg,204,洋水仙（黄水仙）,Narcissus pseudonarcissus
img_008036.jpg,204,洋水仙（黄水仙）,Narcissus pseudonarcissus
img_008045.jpg,204,洋水仙（黄水仙）,Narcissus pseudonarcissus
img_008082.jpg,204,洋水仙（黄水仙）,Narcissus pseudonarcissus
img_008102.jpg,204,洋水仙（黄水仙）,Narcissus pseudonarcissus
img_008177.jpg,204,洋水仙（黄水仙）,Narcissus pseudonarcissus
img_008131.jpg,204,洋水仙（黄水仙）,Narcissus pseudonarcissus
img_008162.jpg,204,洋水仙（黄水仙）,Narcissus pseudonarcissus
img_008164.jpg,204,洋水仙（黄水仙）,Narcissus pseudonarcissus
img_008191.jpg,204,洋水仙（黄水仙）,Narcissus pseudonarcissus
img_008103.jpg,204,洋水仙（黄水仙）,Narcissus pseudonarcissus
img_008293.jpg,205,甜菜,Beta vulgaris
img_008401.jpg,205,甜菜,Beta vulgaris
img_008373.jpg,205,甜菜,Beta vulgaris
img_008449.jpg,205,甜菜,Beta vulgaris
img_008343.jpg,205,甜菜,Beta vulgaris
img_008466.jpg,205,甜菜,Beta vulgaris
img_008424.jpg,205,甜菜,Beta vulgaris
img_008286.jpg,205,甜菜,Beta vulgaris
img_008295.jpg,205,甜菜,Beta vulgaris
img_008405.jpg,205,甜菜,Beta vulgaris
img_008467.jpg,205,甜菜,Beta vulgaris
img_008322.jpg,205,甜菜,Beta vulgaris
img_008469.jpg,205,甜菜,Beta vulgaris
img_008441.jpg,205,甜菜,Beta vulgaris
img_008378.jpg,205,甜菜,Beta vulgaris
img_008346.jpg,205,甜菜,Beta vulgaris
img_008403.jpg,205,甜菜,Beta vulgaris
img_008400.jpg,205,甜菜,Beta vulgaris
img_008352.jpg,205,甜菜,Beta vulgaris
img_008355.jpg,205,甜菜,Beta vulgaris
img_008542.jpg,206,黑毛蕊花,Verbascum nigrum
img_008650.jpg,206,黑毛蕊花,Verbascum nigrum
img_008622.jpg,206,黑毛蕊花,Verbascum nigrum
img_008698.jpg,206,黑毛蕊花,Verbascum nigrum
img_008592.jpg,206,黑毛蕊花,Verbascum nigrum
img_008715.jpg,206,黑毛蕊花,Verbascum nigrum
img_008673.jpg,206,黑毛蕊花,Verbascum nigrum
img_008535.jpg,206,黑毛蕊花,Verbascum nigrum
img_008544.jpg,206,黑毛蕊花,Verbascum nigrum
img_008654.jpg,206,黑毛蕊花,Verbascum nigrum
img_008716.jpg,206,黑毛蕊花,Verbascum nigrum
img_008571.jpg,206,黑毛蕊花,Verbascum nigrum
img_008718.jpg,206,黑毛蕊花,Verbascum nigrum
img_008690.jpg,206,黑毛蕊花,Verbascum nigrum
img_008627.jpg,206,黑毛蕊花,Verbascum nigrum
img_008595.jpg,206,黑毛蕊花,Verbascum nigrum
img_008652.jpg,206,黑毛蕊花,Verbascum nigrum
img_008649.jpg,206,黑毛蕊花,Verbascum nigrum
img_008601.jpg,206,黑毛蕊花,Verbascum nigrum
img_008604.jpg,206,黑毛蕊花,Verbascum nigrum
img_008791.jpg,207,苹果,Malus domestica
img_008899.jpg,207,苹果,Malus domestica
img_008871.jpg,207,苹果,Malus domestica
img_008947.jpg,207,苹果,Malus domestica
img_008841.jpg,207,苹果,Malus domestica
img_008964.jpg,207,苹果,Malus domestica
img_008922.jpg,207,苹果,Malus domestica
img_008784.jpg,207,苹果,Malus domestica
img_008793.jpg,207,苹果,Malus domestica
img_008903.jpg,207,苹果,Malus domestica
img_008965.jpg,207,苹果,Malus domestica
img_008820.jpg,207,苹果,Malus domestica
img_008967.jpg,207,苹果,Malus domestica
img_008939.jpg,207,苹果,Malus domestica
img_008876.jpg,207,苹果,Malus domestica
img_008844.jpg,207,苹果,Malus domestica
img_008901.jpg,207,苹果,Malus domestica
img_008898.jpg,207,苹果,Malus domestica
img_008850.jpg,207,苹果,Malus domestica
img_008853.jpg,207,苹果,Malus domestica
img_009148.jpg,208,橙黄花亚菊,Pilosella aurantiaca
img_009040.jpg,208,橙黄花亚菊,Pilosella aurantiaca
img_009172.jpg,208,橙黄花亚菊,Pilosella aurantiaca
img_009117.jpg,208,橙黄花亚菊,Pilosella aurantiaca
img_009089.jpg,208,橙黄花亚菊,Pilosella aurantiaca
img_009084.jpg,208,橙黄花亚菊,Pilosella aurantiaca
img_009108.jpg,208,橙黄花亚菊,Pilosella aurantiaca
img_009091.jpg,208,橙黄花亚菊,Pilosella aurantiaca
img_009149.jpg,208,橙黄花亚菊,Pilosella aurantiaca
img_009156.jpg,208,橙黄花亚菊,Pilosella aurantiaca
img_009033.jpg,208,橙黄花亚菊,Pilosella aurantiaca
img_009042.jpg,208,橙黄花亚菊,Pilosella aurantiaca
img_009079.jpg,208,橙黄花亚菊,Pilosella aurantiaca
img_009099.jpg,208,橙黄花亚菊,Pilosella aurantiaca
img_009174.jpg,208,橙黄花亚菊,Pilosella aurantiaca
img_009128.jpg,208,橙黄花亚菊,Pilosella aurantiaca
img_009159.jpg,208,橙黄花亚菊,Pilosella aurantiaca
img_009161.jpg,208,橙黄花亚菊,Pilosella aurantiaca
img_009188.jpg,208,橙黄花亚菊,Pilosella aurantiaca
img_009100.jpg,208,橙黄花亚菊,Pilosella aurantiaca
img_009290.jpg,209,酢浆草（酸味草）,Oxalis corniculata
img_009398.jpg,209,酢浆草（酸味草）,Oxalis corniculata
img_009370.jpg,209,酢浆草（酸味草）,Oxalis corniculata
img_009446.jpg,209,酢浆草（酸味草）,Oxalis corniculata
img_009340.jpg,209,酢浆草（酸味草）,Oxalis corniculata
img_009463.jpg,209,酢浆草（酸味草）,Oxalis corniculata
img_009421.jpg,209,酢浆草（酸味草）,Oxalis corniculata
img_009283.jpg,209,酢浆草（酸味草）,Oxalis corniculata
img_009292.jpg,209,酢浆草（酸味草）,Oxalis corniculata
img_009402.jpg,209,酢浆草（酸味草）,Oxalis corniculata
img_009464.jpg,209,酢浆草（酸味草）,Oxalis corniculata
img_009319.jpg,209,酢浆草（酸味草）,Oxalis corniculata
img_009466.jpg,209,酢浆草（酸味草）,Oxalis corniculata
img_009438.jpg,209,酢浆草（酸味草）,Oxalis corniculata
img_009375.jpg,209,酢浆草（酸味草）,Oxalis corniculata
img_009343.jpg,209,酢浆草（酸味草）,Oxalis corniculata
img_009400.jpg,209,酢浆草（酸味草）,Oxalis corniculata
img_009397.jpg,209,酢浆草（酸味草）,Oxalis corniculata
img_009349.jpg,209,酢浆草（酸味草）,Oxalis corniculata
img_009352.jpg,209,酢浆草（酸味草）,Oxalis corniculata
img_009636.jpg,210,白花矾根（墨西哥橘）,Choisya ternata
img_009684.jpg,210,白花矾根（墨西哥橘）,Choisya ternata
img_009583.jpg,210,白花矾根（墨西哥橘）,Choisya ternata
img_009710.jpg,210,白花矾根（墨西哥橘）,Choisya ternata
img_009596.jpg,210,白花矾根（墨西哥橘）,Choisya ternata
img_009591.jpg,210,白花矾根（墨西哥橘）,Choisya ternata
img_009642.jpg,210,白花矾根（墨西哥橘）,Choisya ternata
img_009686.jpg,210,白花矾根（墨西哥橘）,Choisya ternata
img_009640.jpg,210,白花矾根（墨西哥橘）,Choisya ternata
img_009698.jpg,210,白花矾根（墨西哥橘）,Choisya ternata
img_009592.jpg,210,白花矾根（墨西哥橘）,Choisya ternata
img_009599.jpg,210,白花矾根（墨西哥橘）,Choisya ternata
img_009648.jpg,210,白花矾根（墨西哥橘）,Choisya ternata
img_009605.jpg,210,白花矾根（墨西哥橘）,Choisya ternata
img_009547.jpg,210,白花矾根（墨西哥橘）,Choisya ternata
img_009714.jpg,210,白花矾根（墨西哥橘）,Choisya ternata
img_009619.jpg,210,白花矾根（墨西哥橘）,Choisya ternata
img_009694.jpg,210,白花矾根（墨西哥橘）,Choisya ternata
img_009542.jpg,210,白花矾根（墨西哥橘）,Choisya ternata
img_009673.jpg,210,白花矾根（墨西哥橘）,Choisya ternata
img_009787.jpg,211,欧洲接骨木,Sambucus ebulus
img_009895.jpg,211,欧洲接骨木,Sambucus ebulus
img_009867.jpg,211,欧洲接骨木,Sambucus ebulus
img_009943.jpg,211,欧洲接骨木,Sambucus ebulus
img_009837.jpg,211,欧洲接骨木,Sambucus ebulus
img_009960.jpg,211,欧洲接骨木,Sambucus ebulus
img_009918.jpg,211,欧洲接骨木,Sambucus ebulus
img_009780.jpg,211,欧洲接骨木,Sambucus ebulus
img_009789.jpg,211,欧洲接骨木,Sambucus ebulus
img_009899.jpg,211,欧洲接骨木,Sambucus ebulus
img_009961.jpg,211,欧洲接骨木,Sambucus ebulus
img_009816.jpg,211,欧洲接骨木,Sambucus ebulus
img_009963.jpg,211,欧洲接骨木,Sambucus ebulus
img_009935.jpg,211,欧洲接骨木,Sambucus ebulus
img_009872.jpg,211,欧洲接骨木,Sambucus ebulus
img_009840.jpg,211,欧洲接骨木,Sambucus ebulus
img_009897.jpg,211,欧洲接骨木,Sambucus ebulus
img_009894.jpg,211,欧洲接骨木,Sambucus ebulus
img_009846.jpg,211,欧洲接骨木,Sambucus ebulus
img_009849.jpg,211,欧洲接骨木,Sambucus ebulus
img_010144.jpg,212,小老鹳草,Geranium pusillum
img_010036.jpg,212,小老鹳草,Geranium pusillum
img_010168.jpg,212,小老鹳草,Geranium pusillum
img_010113.jpg,212,小老鹳草,Geranium pusillum
img_010085.jpg,212,小老鹳草,Geranium pusillum
img_010080.jpg,212,小老鹳草,Geranium pusillum
img_010104.jpg,212,小老鹳草,Geranium pusillum
img_010087.jpg,212,小老鹳草,Geranium pusillum
img_010145.jpg,212,小老鹳草,Geranium pusillum
img_010152.jpg,212,小老鹳草,Geranium pusillum
img_010029.jpg,212,小老鹳草,Geranium pusillum
img_010038.jpg,212,小老鹳草,Geranium pusillum
img_010075.jpg,212,小老鹳草,Geranium pusillum
img_010095.jpg,212,小老鹳草,Geranium pusillum
img_010170.jpg,212,小老鹳草,Geranium pusillum
img_010124.jpg,212,小老鹳草,Geranium pusillum
img_010155.jpg,212,小老鹳草,Geranium pusillum
img_010157.jpg,212,小老鹳草,Geranium pusillum
img_010184.jpg,212,小老鹳草,Geranium pusillum
img_010096.jpg,212,小老鹳草,Geranium pusillum
img_010394.jpg,213,大叶黄杨,Euonymus japonicus
img_010286.jpg,213,大叶黄杨,Euonymus japonicus
img_010418.jpg,213,大叶黄杨,Euonymus japonicus
img_010363.jpg,213,大叶黄杨,Euonymus japonicus
img_010335.jpg,213,大叶黄杨,Euonymus japonicus
img_010330.jpg,213,大叶黄杨,Euonymus japonicus
img_010354.jpg,213,大叶黄杨,Euonymus japonicus
img_010337.jpg,213,大叶黄杨,Euonymus japonicus
img_010395.jpg,213,大叶黄杨,Euonymus japonicus
img_010402.jpg,213,大叶黄杨,Euonymus japonicus
img_010279.jpg,213,大叶黄杨,Euonymus japonicus
img_010288.jpg,213,大叶黄杨,Euonymus japonicus
img_010325.jpg,213,大叶黄杨,Euonymus japonicus
img_010345.jpg,213,大叶黄杨,Euonymus japonicus
img_010420.jpg,213,大叶黄杨,Euonymus japonicus
img_010374.jpg,213,大叶黄杨,Euonymus japonicus
img_010405.jpg,213,大叶黄杨,Euonymus japonicus
img_010407.jpg,213,大叶黄杨,Euonymus japonicus
img_010434.jpg,213,大叶黄杨,Euonymus japonicus
img_010346.jpg,213,大叶黄杨,Euonymus japonicus
img_010644.jpg,214,林地老鹳草,Geranium sylvaticum
img_010536.jpg,214,林地老鹳草,Geranium sylvaticum
img_010668.jpg,214,林地老鹳草,Geranium sylvaticum
img_010613.jpg,214,林地老鹳草,Geranium sylvaticum
img_010585.jpg,214,林地老鹳草,Geranium sylvaticum
img_010580.jpg,214,林地老鹳草,Geranium sylvaticum
img_010604.jpg,214,林地老鹳草,Geranium sylvaticum
img_010587.jpg,214,林地老鹳草,Geranium sylvaticum
img_010645.jpg,214,林地老鹳草,Geranium sylvaticum
img_010652.jpg,214,林地老鹳草,Geranium sylvaticum
img_010529.jpg,214,林地老鹳草,Geranium sylvaticum
img_010538.jpg,214,林地老鹳草,Geranium sylvaticum
img_010575.jpg,214,林地老鹳草,Geranium sylvaticum
img_010595.jpg,214,林地老鹳草,Geranium sylvaticum
img_010670.jpg,214,林地老鹳草,Geranium sylvaticum
img_010624.jpg,214,林地老鹳草,Geranium sylvaticum
img_010655.jpg,214,林地老鹳草,Geranium sylvaticum
img_010657.jpg,214,林地老鹳草,Geranium sylvaticum
img_010684.jpg,214,林地老鹳草,Geranium sylvaticum
img_010596.jpg,214,林地老鹳草,Geranium sylvaticum
img_010786.jpg,215,酸橙（苦橙）,Citrus × aurantium
img_010894.jpg,215,酸橙（苦橙）,Citrus × aurantium
img_010866.jpg,215,酸橙（苦橙）,Citrus × aurantium
img_010942.jpg,215,酸橙（苦橙）,Citrus × aurantium
img_010836.jpg,215,酸橙（苦橙）,Citrus × aurantium
img_010959.jpg,215,酸橙（苦橙）,Citrus × aurantium
img_010917.jpg,215,酸橙（苦橙）,Citrus × aurantium
img_010779.jpg,215,酸橙（苦橙）,Citrus × aurantium
img_010788.jpg,215,酸橙（苦橙）,Citrus × aurantium
img_010898.jpg,215,酸橙（苦橙）,Citrus × aurantium
img_010960.jpg,215,酸橙（苦橙）,Citrus × aurantium
img_010815.jpg,215,酸橙（苦橙）,Citrus × aurantium
img_010962.jpg,215,酸橙（苦橙）,Citrus × aurantium
img_010934.jpg,215,酸橙（苦橙）,Citrus × aurantium
img_010871.jpg,215,酸橙（苦橙）,Citrus × aurantium
img_010839.jpg,215,酸橙（苦橙）,Citrus × aurantium
img_010896.jpg,215,酸橙（苦橙）,Citrus × aurantium
img_010893.jpg,215,酸橙（苦橙）,Citrus × aurantium
img_010845.jpg,215,酸橙（苦橙）,Citrus × aurantium
img_010848.jpg,215,酸橙（苦橙）,Citrus × aurantium
img_011035.jpg,216,母菊（洋甘菊）,Matricaria chamomilla
img_011143.jpg,216,母菊（洋甘菊）,Matricaria chamomilla
img_011115.jpg,216,母菊（洋甘菊）,Matricaria chamomilla
img_011191.jpg,216,母菊（洋甘菊）,Matricaria chamomilla
img_011085.jpg,216,母菊（洋甘菊）,Matricaria chamomilla
img_011208.jpg,216,母菊（洋甘菊）,Matricaria chamomilla
img_011166.jpg,216,母菊（洋甘菊）,Matricaria chamomilla
img_011028.jpg,216,母菊（洋甘菊）,Matricaria chamomilla
img_011037.jpg,216,母菊（洋甘菊）,Matricaria chamomilla
img_011147.jpg,216,母菊（洋甘菊）,Matricaria chamomilla
img_011209.jpg,216,母菊（洋甘菊）,Matricaria chamomilla
img_011064.jpg,216,母菊（洋甘菊）,Matricaria chamomilla
img_011211.jpg,216,母菊（洋甘菊）,Matricaria chamomilla
img_011183.jpg,216,母菊（洋甘菊）,Matricaria chamomilla
img_011120.jpg,216,母菊（洋甘菊）,Matricaria chamomilla
img_011088.jpg,216,母菊（洋甘菊）,Matricaria chamomilla
img_011145.jpg,216,母菊（洋甘菊）,Matricaria chamomilla
img_011142.jpg,216,母菊（洋甘菊）,Matricaria chamomilla
img_011094.jpg,216,母菊（洋甘菊）,Matricaria chamomilla
img_011097.jpg,216,母菊（洋甘菊）,Matricaria chamomilla
img_011392.jpg,217,伤口花,Anthyllis vulneraria
img_011284.jpg,217,伤口花,Anthyllis vulneraria
img_011416.jpg,217,伤口花,Anthyllis vulneraria
img_011361.jpg,217,伤口花,Anthyllis vulneraria
img_011333.jpg,217,伤口花,Anthyllis vulneraria
img_011328.jpg,217,伤口花,Anthyllis vulneraria
img_011352.jpg,217,伤口花,Anthyllis vulneraria
img_011335.jpg,217,伤口花,Anthyllis vulneraria
img_011393.jpg,217,伤口花,Anthyllis vulneraria
img_011400.jpg,217,伤口花,Anthyllis vulneraria
img_011277.jpg,217,伤口花,Anthyllis vulneraria
img_011286.jpg,217,伤口花,Anthyllis vulneraria
img_011323.jpg,217,伤口花,Anthyllis vulneraria
img_011343.jpg,217,伤口花,Anthyllis vulneraria
img_011418.jpg,217,伤口花,Anthyllis vulneraria
img_011372.jpg,217,伤口花,Anthyllis vulneraria
img_011403.jpg,217,伤口花,Anthyllis vulneraria
img_011405.jpg,217,伤口花,Anthyllis vulneraria
img_011432.jpg,217,伤口花,Anthyllis vulneraria
img_011344.jpg,217,伤口花,Anthyllis vulneraria
img_011534.jpg,218,山矢车菊,Centaurea montana
img_011642.jpg,218,山矢车菊,Centaurea montana
img_011614.jpg,218,山矢车菊,Centaurea montana
img_011690.jpg,218,山矢车菊,Centaurea montana
img_011584.jpg,218,山矢车菊,Centaurea montana
img_011707.jpg,218,山矢车菊,Centaurea montana
img_011665.jpg,218,山矢车菊,Centaurea montana
img_011527.jpg,218,山矢车菊,Centaurea montana
img_011536.jpg,218,山矢车菊,Centaurea montana
img_011646.jpg,218,山矢车菊,Centaurea montana
img_011708.jpg,218,山矢车菊,Centaurea montana
img_011563.jpg,218,山矢车菊,Centaurea montana
img_011710.jpg,218,山矢车菊,Centaurea montana
img_011682.jpg,218,山矢车菊,Centaurea montana
img_011619.jpg,218,山矢车菊,Centaurea montana
img_011587.jpg,218,山矢车菊,Centaurea montana
img_011644.jpg,218,山矢车菊,Centaurea montana
img_011641.jpg,218,山矢车菊,Centaurea montana
img_011593.jpg,218,山矢车菊,Centaurea montana
img_011596.jpg,218,山矢车菊,Centaurea montana
img_011891.jpg,220,盔瓣秋海棠,Begonia cucullata
img_011783.jpg,220,盔瓣秋海棠,Begonia cucullata
img_011915.jpg,220,盔瓣秋海棠,Begonia cucullata
img_011860.jpg,220,盔瓣秋海棠,Begonia cucullata
img_011832.jpg,220,盔瓣秋海棠,Begonia cucullata
img_011827.jpg,220,盔瓣秋海棠,Begonia cucullata
img_011851.jpg,220,盔瓣秋海棠,Begonia cucullata
img_011834.jpg,220,盔瓣秋海棠,Begonia cucullata
img_011892.jpg,220,盔瓣秋海棠,Begonia cucullata
img_011899.jpg,220,盔瓣秋海棠,Begonia cucullata
img_011776.jpg,220,盔瓣秋海棠,Begonia cucullata
img_011785.jpg,220,盔瓣秋海棠,Begonia cucullata
img_011822.jpg,220,盔瓣秋海棠,Begonia cucullata
img_011842.jpg,220,盔瓣秋海棠,Begonia cucullata
img_011917.jpg,220,盔瓣秋海棠,Begonia cucullata
img_011871.jpg,220,盔瓣秋海棠,Begonia cucullata
img_011902.jpg,220,盔瓣秋海棠,Begonia cucullata
img_011904.jpg,220,盔瓣秋海棠,Begonia cucullata
img_011931.jpg,220,盔瓣秋海棠,Begonia cucullata
img_011843.jpg,220,盔瓣秋海棠,Begonia cucullata
img_012033.jpg,221,海滨千里光,Jacobaea maritima
img_012141.jpg,221,海滨千里光,Jacobaea maritima
img_012113.jpg,221,海滨千里光,Jacobaea maritima
img_012189.jpg,221,海滨千里光,Jacobaea maritima
img_012083.jpg,221,海滨千里光,Jacobaea maritima
img_012206.jpg,221,海滨千里光,Jacobaea maritima
img_012164.jpg,221,海滨千里光,Jacobaea maritima
img_012026.jpg,221,海滨千里光,Jacobaea maritima
img_012035.jpg,221,海滨千里光,Jacobaea maritima
img_012145.jpg,221,海滨千里光,Jacobaea maritima
img_012207.jpg,221,海滨千里光,Jacobaea maritima
img_012062.jpg,221,海滨千里光,Jacobaea maritima
img_012209.jpg,221,海滨千里光,Jacobaea maritima
img_012181.jpg,221,海滨千里光,Jacobaea maritima
img_012118.jpg,221,海滨千里光,Jacobaea maritima
img_012086.jpg,221,海滨千里光,Jacobaea maritima
img_012143.jpg,221,海滨千里光,Jacobaea maritima
img_012140.jpg,221,海滨千里光,Jacobaea maritima
img_012092.jpg,221,海滨千里光,Jacobaea maritima
img_012095.jpg,221,海滨千里光,Jacobaea maritima
img_012390.jpg,222,泽漆（五朵云）,Euphorbia helioscopia
img_012282.jpg,222,泽漆（五朵云）,Euphorbia helioscopia
img_012414.jpg,222,泽漆（五朵云）,Euphorbia helioscopia
img_012359.jpg,222,泽漆（五朵云）,Euphorbia helioscopia
img_012331.jpg,222,泽漆（五朵云）,Euphorbia helioscopia
img_012326.jpg,222,泽漆（五朵云）,Euphorbia helioscopia
img_012350.jpg,222,泽漆（五朵云）,Euphorbia helioscopia
img_012333.jpg,222,泽漆（五朵云）,Euphorbia helioscopia
img_012391.jpg,222,泽漆（五朵云）,Euphorbia helioscopia
img_012398.jpg,222,泽漆（五朵云）,Euphorbia helioscopia
img_012275.jpg,222,泽漆（五朵云）,Euphorbia helioscopia
img_012284.jpg,222,泽漆（五朵云）,Euphorbia helioscopia
img_012321.jpg,222,泽漆（五朵云）,Euphorbia helioscopia
img_012341.jpg,222,泽漆（五朵云）,Euphorbia helioscopia
img_012416.jpg,222,泽漆（五朵云）,Euphorbia helioscopia
img_012370.jpg,222,泽漆（五朵云）,Euphorbia helioscopia
img_012401.jpg,222,泽漆（五朵云）,Euphorbia helioscopia
img_012403.jpg,222,泽漆（五朵云）,Euphorbia helioscopia
img_012430.jpg,222,泽漆（五朵云）,Euphorbia helioscopia
img_012342.jpg,222,泽漆（五朵云）,Euphorbia helioscopia
img_012639.jpg,223,草地老鹳草,Geranium pratense
img_012660.jpg,223,草地老鹳草,Geranium pratense
img_012582.jpg,223,草地老鹳草,Geranium pratense
img_012561.jpg,223,草地老鹳草,Geranium pratense
img_012674.jpg,223,草地老鹳草,Geranium pratense
img_012631.jpg,223,草地老鹳草,Geranium pratense
img_012583.jpg,223,草地老鹳草,Geranium pratense
img_012609.jpg,223,草地老鹳草,Geranium pratense
img_012546.jpg,223,草地老鹳草,Geranium pratense
img_012617.jpg,223,草地老鹳草,Geranium pratense
img_012634.jpg,223,草地老鹳草,Geranium pratense
img_012591.jpg,223,草地老鹳草,Geranium pratense
img_012540.jpg,223,草地老鹳草,Geranium pratense
img_012688.jpg,223,草地老鹳草,Geranium pratense
img_012643.jpg,223,草地老鹳草,Geranium pratense
img_012685.jpg,223,草地老鹳草,Geranium pratense
img_012535.jpg,223,草地老鹳草,Geranium pratense
img_012684.jpg,223,草地老鹳草,Geranium pratense
img_012589.jpg,223,草地老鹳草,Geranium pratense
img_012521.jpg,223,草地老鹳草,Geranium pratense
img_012873.jpg,224,三色堇,Viola tricolor
img_012854.jpg,224,三色堇,Viola tricolor
img_012899.jpg,224,三色堇,Viola tricolor
img_012806.jpg,224,三色堇,Viola tricolor
img_012846.jpg,224,三色堇,Viola tricolor
img_012828.jpg,224,三色堇,Viola tricolor
img_012889.jpg,224,三色堇,Viola tricolor
img_012934.jpg,224,三色堇,Viola tricolor
img_012791.jpg,224,三色堇,Viola tricolor
img_012829.jpg,224,三色堇,Viola tricolor
img_012843.jpg,224,三色堇,Viola tricolor
img_012880.jpg,224,三色堇,Viola tricolor
img_012944.jpg,224,三色堇,Viola tricolor
img_012785.jpg,224,三色堇,Viola tricolor
img_012898.jpg,224,三色堇,Viola tricolor
img_012856.jpg,224,三色堇,Viola tricolor
img_012817.jpg,224,三色堇,Viola tricolor
img_012780.jpg,224,三色堇,Viola tricolor
img_012883.jpg,224,三色堇,Viola tricolor
img_012837.jpg,224,三色堇,Viola tricolor
img_013131.jpg,225,库珀冰叶日中花,Delosperma cooperi
img_013023.jpg,225,库珀冰叶日中花,Delosperma cooperi
img_013155.jpg,225,库珀冰叶日中花,Delosperma cooperi
img_013100.jpg,225,库珀冰叶日中花,Delosperma cooperi
img_013072.jpg,225,库珀冰叶日中花,Delosperma cooperi
img_013067.jpg,225,库珀冰叶日中花,Delosperma cooperi
img_013091.jpg,225,库珀冰叶日中花,Delosperma cooperi
img_013074.jpg,225,库珀冰叶日中花,Delosperma cooperi
img_013132.jpg,225,库珀冰叶日中花,Delosperma cooperi
img_013139.jpg,225,库珀冰叶日中花,Delosperma cooperi
img_013016.jpg,225,库珀冰叶日中花,Delosperma cooperi
img_013025.jpg,225,库珀冰叶日中花,Delosperma cooperi
img_013062.jpg,225,库珀冰叶日中花,Delosperma cooperi
img_013082.jpg,225,库珀冰叶日中花,Delosperma cooperi
img_013157.jpg,225,库珀冰叶日中花,Delosperma cooperi
img_013111.jpg,225,库珀冰叶日中花,Delosperma cooperi
img_013142.jpg,225,库珀冰叶日中花,Delosperma cooperi
img_013144.jpg,225,库珀冰叶日中花,Delosperma cooperi
img_013171.jpg,225,库珀冰叶日中花,Delosperma cooperi
img_013083.jpg,225,库珀冰叶日中花,Delosperma cooperi
img_013381.jpg,226,吊竹梅（斑叶鸭跖草）,Tradescantia zebrina
img_013273.jpg,226,吊竹梅（斑叶鸭跖草）,Tradescantia zebrina
img_013405.jpg,226,吊竹梅（斑叶鸭跖草）,Tradescantia zebrina
img_013350.jpg,226,吊竹梅（斑叶鸭跖草）,Tradescantia zebrina
img_013322.jpg,226,吊竹梅（斑叶鸭跖草）,Tradescantia zebrina
img_013317.jpg,226,吊竹梅（斑叶鸭跖草）,Tradescantia zebrina
img_013341.jpg,226,吊竹梅（斑叶鸭跖草）,Tradescantia zebrina
img_013324.jpg,226,吊竹梅（斑叶鸭跖草）,Tradescantia zebrina
img_013382.jpg,226,吊竹梅（斑叶鸭跖草）,Tradescantia zebrina
img_013389.jpg,226,吊竹梅（斑叶鸭跖草）,Tradescantia zebrina
img_013266.jpg,226,吊竹梅（斑叶鸭跖草）,Tradescantia zebrina
img_013275.jpg,226,吊竹梅（斑叶鸭跖草）,Tradescantia zebrina
img_013312.jpg,226,吊竹梅（斑叶鸭跖草）,Tradescantia zebrina
img_013332.jpg,226,吊竹梅（斑叶鸭跖草）,Tradescantia zebrina
img_013407.jpg,226,吊竹梅（斑叶鸭跖草）,Tradescantia zebrina
img_013361.jpg,226,吊竹梅（斑叶鸭跖草）,Tradescantia zebrina
img_013392.jpg,226,吊竹梅（斑叶鸭跖草）,Tradescantia zebrina
img_013394.jpg,226,吊竹梅（斑叶鸭跖草）,Tradescantia zebrina
img_013421.jpg,226,吊竹梅（斑叶鸭跖草）,Tradescantia zebrina
img_013333.jpg,226,吊竹梅（斑叶鸭跖草）,Tradescantia zebrina
img_013631.jpg,227,除虫菊,Tanacetum parthenium
img_013523.jpg,227,除虫菊,Tanacetum parthenium
img_013655.jpg,227,除虫菊,Tanacetum parthenium
img_013600.jpg,227,除虫菊,Tanacetum parthenium
img_013572.jpg,227,除虫菊,Tanacetum parthenium
img_013567.jpg,227,除虫菊,Tanacetum parthenium
img_013591.jpg,227,除虫菊,Tanacetum parthenium
img_013574.jpg,227,除虫菊,Tanacetum parthenium
img_013632.jpg,227,除虫菊,Tanacetum parthenium
img_013639.jpg,227,除虫菊,Tanacetum parthenium
img_013516.jpg,227,除虫菊,Tanacetum parthenium
img_013525.jpg,227,除虫菊,Tanacetum parthenium
img_013562.jpg,227,除虫菊,Tanacetum parthenium
img_013582.jpg,227,除虫菊,Tanacetum parthenium
img_013657.jpg,227,除虫菊,Tanacetum parthenium
img_013611.jpg,227,除虫菊,Tanacetum parthenium
img_013642.jpg,227,除虫菊,Tanacetum parthenium
img_013644.jpg,227,除虫菊,Tanacetum parthenium
img_013671.jpg,227,除虫菊,Tanacetum parthenium
img_013583.jpg,227,除虫菊,Tanacetum parthenium
img_013773.jpg,228,香花芥,Hesperis matronalis
img_013881.jpg,228,香花芥,Hesperis matronalis
img_013853.jpg,228,香花芥,Hesperis matronalis
img_013929.jpg,228,香花芥,Hesperis matronalis
img_013823.jpg,228,香花芥,Hesperis matronalis
img_013946.jpg,228,香花芥,Hesperis matronalis
img_013904.jpg,228,香花芥,Hesperis matronalis
img_013766.jpg,228,香花芥,Hesperis matronalis
img_013775.jpg,228,香花芥,Hesperis matronalis
img_013885.jpg,228,香花芥,Hesperis matronalis
img_013947.jpg,228,香花芥,Hesperis matronalis
img_013802.jpg,228,香花芥,Hesperis matronalis
img_013949.jpg,228,香花芥,Hesperis matronalis
img_013921.jpg,228,香花芥,Hesperis matronalis
img_013858.jpg,228,香花芥,Hesperis matronalis
img_013826.jpg,228,香花芥,Hesperis matronalis
img_013883.jpg,228,香花芥,Hesperis matronalis
img_013880.jpg,228,香花芥,Hesperis matronalis
img_013832.jpg,228,香花芥,Hesperis matronalis
img_013835.jpg,228,香花芥,Hesperis matronalis
img_014022.jpg,229,缬草（药用缬草）,Valeriana officinalis
img_014130.jpg,229,缬草（药用缬草）,Valeriana officinalis
img_014102.jpg,229,缬草（药用缬草）,Valeriana officinalis
img_014178.jpg,229,缬草（药用缬草）,Valeriana officinalis
img_014072.jpg,229,缬草（药用缬草）,Valeriana officinalis
img_014195.jpg,229,缬草（药用缬草）,Valeriana officinalis
img_014153.jpg,229,缬草（药用缬草）,Valeriana officinalis
img_014015.jpg,229,缬草（药用缬草）,Valeriana officinalis
img_014024.jpg,229,缬草（药用缬草）,Valeriana officinalis
img_014134.jpg,229,缬草（药用缬草）,Valeriana officinalis
img_014196.jpg,229,缬草（药用缬草）,Valeriana officinalis
img_014051.jpg,229,缬草（药用缬草）,Valeriana officinalis
img_014198.jpg,229,缬草（药用缬草）,Valeriana officinalis
img_014170.jpg,229,缬草（药用缬草）,Valeriana officinalis
img_014107.jpg,229,缬草（药用缬草）,Valeriana officinalis
img_014075.jpg,229,缬草（药用缬草）,Valeriana officinalis
img_014132.jpg,229,缬草（药用缬草）,Valeriana officinalis
img_014129.jpg,229,缬草（药用缬草）,Valeriana officinalis
img_014081.jpg,229,缬草（药用缬草）,Valeriana officinalis
img_014084.jpg,229,缬草（药用缬草）,Valeriana officinalis
img_014271.jpg,230,木瓜海棠（皱皮木瓜）,Chaenomeles speciosa
img_014379.jpg,230,木瓜海棠（皱皮木瓜）,Chaenomeles speciosa
img_014351.jpg,230,木瓜海棠（皱皮木瓜）,Chaenomeles speciosa
img_014427.jpg,230,木瓜海棠（皱皮木瓜）,Chaenomeles speciosa
img_014321.jpg,230,木瓜海棠（皱皮木瓜）,Chaenomeles speciosa
img_014444.jpg,230,木瓜海棠（皱皮木瓜）,Chaenomeles speciosa
img_014402.jpg,230,木瓜海棠（皱皮木瓜）,Chaenomeles speciosa
img_014264.jpg,230,木瓜海棠（皱皮木瓜）,Chaenomeles speciosa
img_014273.jpg,230,木瓜海棠（皱皮木瓜）,Chaenomeles speciosa
img_014383.jpg,230,木瓜海棠（皱皮木瓜）,Chaenomeles speciosa
img_014445.jpg,230,木瓜海棠（皱皮木瓜）,Chaenomeles speciosa
img_014300.jpg,230,木瓜海棠（皱皮木瓜）,Chaenomeles speciosa
img_014447.jpg,230,木瓜海棠（皱皮木瓜）,Chaenomeles speciosa
img_014419.jpg,230,木瓜海棠（皱皮木瓜）,Chaenomeles speciosa
img_014356.jpg,230,木瓜海棠（皱皮木瓜）,Chaenomeles speciosa
img_014324.jpg,230,木瓜海棠（皱皮木瓜）,Chaenomeles speciosa
img_014381.jpg,230,木瓜海棠（皱皮木瓜）,Chaenomeles speciosa
img_014378.jpg,230,木瓜海棠（皱皮木瓜）,Chaenomeles speciosa
img_014330.jpg,230,木瓜海棠（皱皮木瓜）,Chaenomeles speciosa
img_014333.jpg,230,木瓜海棠（皱皮木瓜）,Chaenomeles speciosa
img_014520.jpg,231,假叶树（刺叶树）,Ruscus aculeatus
img_014628.jpg,231,假叶树（刺叶树）,Ruscus aculeatus
img_014600.jpg,231,假叶树（刺叶树）,Ruscus aculeatus
img_014676.jpg,231,假叶树（刺叶树）,Ruscus aculeatus
img_014570.jpg,231,假叶树（刺叶树）,Ruscus aculeatus
img_014693.jpg,231,假叶树（刺叶树）,Ruscus aculeatus
img_014651.jpg,231,假叶树（刺叶树）,Ruscus aculeatus
img_014513.jpg,231,假叶树（刺叶树）,Ruscus aculeatus
img_014522.jpg,231,假叶树（刺叶树）,Ruscus aculeatus
img_014632.jpg,231,假叶树（刺叶树）,Ruscus aculeatus
img_014694.jpg,231,假叶树（刺叶树）,Ruscus aculeatus
img_014549.jpg,231,假叶树（刺叶树）,Ruscus aculeatus
img_014696.jpg,231,假叶树（刺叶树）,Ruscus aculeatus
img_014668.jpg,231,假叶树（刺叶树）,Ruscus aculeatus
img_014605.jpg,231,假叶树（刺叶树）,Ruscus aculeatus
img_014573.jpg,231,假叶树（刺叶树）,Ruscus aculeatus
img_014630.jpg,231,假叶树（刺叶树）,Ruscus aculeatus
img_014627.jpg,231,假叶树（刺叶树）,Ruscus aculeatus
img_014579.jpg,231,假叶树（刺叶树）,Ruscus aculeatus
img_014582.jpg,231,假叶树（刺叶树）,Ruscus aculeatus
img_014877.jpg,232,细叶还阳参,Crepis capillaris
img_014769.jpg,232,细叶还阳参,Crepis capillaris
img_014901.jpg,232,细叶还阳参,Crepis capillaris
img_014846.jpg,232,细叶还阳参,Crepis capillaris
img_014818.jpg,232,细叶还阳参,Crepis capillaris
img_014813.jpg,232,细叶还阳参,Crepis capillaris
img_014837.jpg,232,细叶还阳参,Crepis capillaris
img_014820.jpg,232,细叶还阳参,Crepis capillaris
img_014878.jpg,232,细叶还阳参,Crepis capillaris
img_014885.jpg,232,细叶还阳参,Crepis capillaris
img_014762.jpg,232,细叶还阳参,Crepis capillaris
img_014771.jpg,232,细叶还阳参,Crepis capillaris
img_014808.jpg,232,细叶还阳参,Crepis capillaris
img_014828.jpg,232,细叶还阳参,Crepis capillaris
img_014903.jpg,232,细叶还阳参,Crepis capillaris
img_014857.jpg,232,细叶还阳参,Crepis capillaris
img_014888.jpg,232,细叶还阳参,Crepis capillaris
img_014890.jpg,232,细叶还阳参,Crepis capillaris
img_014917.jpg,232,细叶还阳参,Crepis capillaris
img_014829.jpg,232,细叶还阳参,Crepis capillaris
img_015127.jpg,233,绵毛水苏（羊耳朵草）,Stachys byzantina
img_015019.jpg,233,绵毛水苏（羊耳朵草）,Stachys byzantina
img_015151.jpg,233,绵毛水苏（羊耳朵草）,Stachys byzantina
img_015096.jpg,233,绵毛水苏（羊耳朵草）,Stachys byzantina
img_015068.jpg,233,绵毛水苏（羊耳朵草）,Stachys byzantina
img_015063.jpg,233,绵毛水苏（羊耳朵草）,Stachys byzantina
img_015087.jpg,233,绵毛水苏（羊耳朵草）,Stachys byzantina
img_015070.jpg,233,绵毛水苏（羊耳朵草）,Stachys byzantina
img_015128.jpg,233,绵毛水苏（羊耳朵草）,Stachys byzantina
img_015135.jpg,233,绵毛水苏（羊耳朵草）,Stachys byzantina
img_015012.jpg,233,绵毛水苏（羊耳朵草）,Stachys byzantina
img_015021.jpg,233,绵毛水苏（羊耳朵草）,Stachys byzantina
img_015058.jpg,233,绵毛水苏（羊耳朵草）,Stachys byzantina
img_015078.jpg,233,绵毛水苏（羊耳朵草）,Stachys byzantina
img_015153.jpg,233,绵毛水苏（羊耳朵草）,Stachys byzantina
img_015107.jpg,233,绵毛水苏（羊耳朵草）,Stachys byzantina
img_015138.jpg,233,绵毛水苏（羊耳朵草）,Stachys byzantina
img_015140.jpg,233,绵毛水苏（羊耳朵草）,Stachys byzantina
img_015167.jpg,233,绵毛水苏（羊耳朵草）,Stachys byzantina
img_015079.jpg,233,绵毛水苏（羊耳朵草）,Stachys byzantina
img_015377.jpg,234,四裂荆芥,Galeopsis tetrahit
img_015269.jpg,234,四裂荆芥,Galeopsis tetrahit
img_015401.jpg,234,四裂荆芥,Galeopsis tetrahit
img_015346.jpg,234,四裂荆芥,Galeopsis tetrahit
img_015318.jpg,234,四裂荆芥,Galeopsis tetrahit
img_015313.jpg,234,四裂荆芥,Galeopsis tetrahit
img_015337.jpg,234,四裂荆芥,Galeopsis tetrahit
img_015320.jpg,234,四裂荆芥,Galeopsis tetrahit
img_015378.jpg,234,四裂荆芥,Galeopsis tetrahit
img_015385.jpg,234,四裂荆芥,Galeopsis tetrahit
img_015262.jpg,234,四裂荆芥,Galeopsis tetrahit
img_015271.jpg,234,四裂荆芥,Galeopsis tetrahit
img_015308.jpg,234,四裂荆芥,Galeopsis tetrahit
img_015328.jpg,234,四裂荆芥,Galeopsis tetrahit
img_015403.jpg,234,四裂荆芥,Galeopsis tetrahit
img_015357.jpg,234,四裂荆芥,Galeopsis tetrahit
img_015388.jpg,234,四裂荆芥,Galeopsis tetrahit
img_015390.jpg,234,四裂荆芥,Galeopsis tetrahit
img_015417.jpg,234,四裂荆芥,Galeopsis tetrahit
img_015329.jpg,234,四裂荆芥,Galeopsis tetrahit
img_015627.jpg,235,普通千里光,Senecio vulgaris
img_015519.jpg,235,普通千里光,Senecio vulgaris
img_015651.jpg,235,普通千里光,Senecio vulgaris
img_015596.jpg,235,普通千里光,Senecio vulgaris
img_015568.jpg,235,普通千里光,Senecio vulgaris
img_015563.jpg,235,普通千里光,Senecio vulgaris
img_015587.jpg,235,普通千里光,Senecio vulgaris
img_015570.jpg,235,普通千里光,Senecio vulgaris
img_015628.jpg,235,普通千里光,Senecio vulgaris
img_015635.jpg,235,普通千里光,Senecio vulgaris
img_015512.jpg,235,普通千里光,Senecio vulgaris
img_015521.jpg,235,普通千里光,Senecio vulgaris
img_015558.jpg,235,普通千里光,Senecio vulgaris
img_015578.jpg,235,普通千里光,Senecio vulgaris
img_015653.jpg,235,普通千里光,Senecio vulgaris
img_015607.jpg,235,普通千里光,Senecio vulgaris
img_015638.jpg,235,普通千里光,Senecio vulgaris
img_015640.jpg,235,普通千里光,Senecio vulgaris
img_015667.jpg,235,普通千里光,Senecio vulgaris
img_015579.jpg,235,普通千里光,Senecio vulgaris
img_015877.jpg,236,皱叶酸模,Rumex crispus
img_015769.jpg,236,皱叶酸模,Rumex crispus
img_015901.jpg,236,皱叶酸模,Rumex crispus
img_015846.jpg,236,皱叶酸模,Rumex crispus
img_015818.jpg,236,皱叶酸模,Rumex crispus
img_015813.jpg,236,皱叶酸模,Rumex crispus
img_015837.jpg,236,皱叶酸模,Rumex crispus
img_015820.jpg,236,皱叶酸模,Rumex crispus
img_015878.jpg,236,皱叶酸模,Rumex crispus
img_015885.jpg,236,皱叶酸模,Rumex crispus
img_015762.jpg,236,皱叶酸模,Rumex crispus
img_015771.jpg,236,皱叶酸模,Rumex crispus
img_015808.jpg,236,皱叶酸模,Rumex crispus
img_015828.jpg,236,皱叶酸模,Rumex crispus
img_015903.jpg,236,皱叶酸模,Rumex crispus
img_015857.jpg,236,皱叶酸模,Rumex crispus
img_015888.jpg,236,皱叶酸模,Rumex crispus
img_015890.jpg,236,皱叶酸模,Rumex crispus
img_015917.jpg,236,皱叶酸模,Rumex crispus
img_015829.jpg,236,皱叶酸模,Rumex crispus
img_016019.jpg,237,猪殃殃（钝叶拉拉藤）,Galium mollugo
img_016127.jpg,237,猪殃殃（钝叶拉拉藤）,Galium mollugo
img_016099.jpg,237,猪殃殃（钝叶拉拉藤）,Galium mollugo
img_016175.jpg,237,猪殃殃（钝叶拉拉藤）,Galium mollugo
img_016069.jpg,237,猪殃殃（钝叶拉拉藤）,Galium mollugo
img_016192.jpg,237,猪殃殃（钝叶拉拉藤）,Galium mollugo
img_016150.jpg,237,猪殃殃（钝叶拉拉藤）,Galium mollugo
img_016012.jpg,237,猪殃殃（钝叶拉拉藤）,Galium mollugo
img_016021.jpg,237,猪殃殃（钝叶拉拉藤）,Galium mollugo
img_016131.jpg,237,猪殃殃（钝叶拉拉藤）,Galium mollugo
img_016193.jpg,237,猪殃殃（钝叶拉拉藤）,Galium mollugo
img_016048.jpg,237,猪殃殃（钝叶拉拉藤）,Galium mollugo
img_016195.jpg,237,猪殃殃（钝叶拉拉藤）,Galium mollugo
img_016167.jpg,237,猪殃殃（钝叶拉拉藤）,Galium mollugo
img_016104.jpg,237,猪殃殃（钝叶拉拉藤）,Galium mollugo
img_016072.jpg,237,猪殃殃（钝叶拉拉藤）,Galium mollugo
img_016129.jpg,237,猪殃殃（钝叶拉拉藤）,Galium mollugo
img_016126.jpg,237,猪殃殃（钝叶拉拉藤）,Galium mollugo
img_016078.jpg,237,猪殃殃（钝叶拉拉藤）,Galium mollugo
img_016081.jpg,237,猪殃殃（钝叶拉拉藤）,Galium mollugo
img_016268.jpg,238,杏叶大戟,Euphorbia amygdaloides
img_016376.jpg,238,杏叶大戟,Euphorbia amygdaloides
img_016348.jpg,238,杏叶大戟,Euphorbia amygdaloides
img_016424.jpg,238,杏叶大戟,Euphorbia amygdaloides
img_016318.jpg,238,杏叶大戟,Euphorbia amygdaloides
img_016441.jpg,238,杏叶大戟,Euphorbia amygdaloides
img_016399.jpg,238,杏叶大戟,Euphorbia amygdaloides
img_016261.jpg,238,杏叶大戟,Euphorbia amygdaloides
img_016270.jpg,238,杏叶大戟,Euphorbia amygdaloides
img_016380.jpg,238,杏叶大戟,Euphorbia amygdaloides
img_016442.jpg,238,杏叶大戟,Euphorbia amygdaloides
img_016297.jpg,238,杏叶大戟,Euphorbia amygdaloides
img_016444.jpg,238,杏叶大戟,Euphorbia amygdaloides
img_016416.jpg,238,杏叶大戟,Euphorbia amygdaloides
img_016353.jpg,238,杏叶大戟,Euphorbia amygdaloides
img_016321.jpg,238,杏叶大戟,Euphorbia amygdaloides
img_016378.jpg,238,杏叶大戟,Euphorbia amygdaloides
img_016375.jpg,238,杏叶大戟,Euphorbia amygdaloides
img_016327.jpg,238,杏叶大戟,Euphorbia amygdaloides
img_016330.jpg,238,杏叶大戟,Euphorbia amygdaloides
img_016614.jpg,239,斑叶掌裂兰,Dactylorhiza maculata
img_016662.jpg,239,斑叶掌裂兰,Dactylorhiza maculata
img_016561.jpg,239,斑叶掌裂兰,Dactylorhiza maculata
img_016688.jpg,239,斑叶掌裂兰,Dactylorhiza maculata
img_016574.jpg,239,斑叶掌裂兰,Dactylorhiza maculata
img_016569.jpg,239,斑叶掌裂兰,Dactylorhiza maculata
img_016620.jpg,239,斑叶掌裂兰,Dactylorhiza maculata
img_016664.jpg,239,斑叶掌裂兰,Dactylorhiza maculata
img_016618.jpg,239,斑叶掌裂兰,Dactylorhiza maculata
img_016676.jpg,239,斑叶掌裂兰,Dactylorhiza maculata
img_016570.jpg,239,斑叶掌裂兰,Dactylorhiza maculata
img_016577.jpg,239,斑叶掌裂兰,Dactylorhiza maculata
img_016626.jpg,239,斑叶掌裂兰,Dactylorhiza maculata
img_016583.jpg,239,斑叶掌裂兰,Dactylorhiza maculata
img_016525.jpg,239,斑叶掌裂兰,Dactylorhiza maculata
img_016692.jpg,239,斑叶掌裂兰,Dactylorhiza maculata
img_016597.jpg,239,斑叶掌裂兰,Dactylorhiza maculata
img_016672.jpg,239,斑叶掌裂兰,Dactylorhiza maculata
img_016520.jpg,239,斑叶掌裂兰,Dactylorhiza maculata
img_016651.jpg,239,斑叶掌裂兰,Dactylorhiza maculata
img_016765.jpg,240,欧洲百合,Lilium martagon
img_016874.jpg,240,欧洲百合,Lilium martagon
img_016846.jpg,240,欧洲百合,Lilium martagon
img_016922.jpg,240,欧洲百合,Lilium martagon
img_016815.jpg,240,欧洲百合,Lilium martagon
img_016939.jpg,240,欧洲百合,Lilium martagon
img_016897.jpg,240,欧洲百合,Lilium martagon
img_016758.jpg,240,欧洲百合,Lilium martagon
img_016767.jpg,240,欧洲百合,Lilium martagon
img_016878.jpg,240,欧洲百合,Lilium martagon
img_016940.jpg,240,欧洲百合,Lilium martagon
img_016794.jpg,240,欧洲百合,Lilium martagon
img_016942.jpg,240,欧洲百合,Lilium martagon
img_016914.jpg,240,欧洲百合,Lilium martagon
img_016851.jpg,240,欧洲百合,Lilium martagon
img_016818.jpg,240,欧洲百合,Lilium martagon
img_016876.jpg,240,欧洲百合,Lilium martagon
img_016873.jpg,240,欧洲百合,Lilium martagon
img_016824.jpg,240,欧洲百合,Lilium martagon
img_016827.jpg,240,欧洲百合,Lilium martagon
img_017123.jpg,241,金光菊（黑心菊）,Rudbeckia fulgida
img_017015.jpg,241,金光菊（黑心菊）,Rudbeckia fulgida
img_017147.jpg,241,金光菊（黑心菊）,Rudbeckia fulgida
img_017092.jpg,241,金光菊（黑心菊）,Rudbeckia fulgida
img_017064.jpg,241,金光菊（黑心菊）,Rudbeckia fulgida
img_017059.jpg,241,金光菊（黑心菊）,Rudbeckia fulgida
img_017083.jpg,241,金光菊（黑心菊）,Rudbeckia fulgida
img_017066.jpg,241,金光菊（黑心菊）,Rudbeckia fulgida
img_017124.jpg,241,金光菊（黑心菊）,Rudbeckia fulgida
img_017131.jpg,241,金光菊（黑心菊）,Rudbeckia fulgida
img_017008.jpg,241,金光菊（黑心菊）,Rudbeckia fulgida
img_017017.jpg,241,金光菊（黑心菊）,Rudbeckia fulgida
img_017054.jpg,241,金光菊（黑心菊）,Rudbeckia fulgida
img_017074.jpg,241,金光菊（黑心菊）,Rudbeckia fulgida
img_017149.jpg,241,金光菊（黑心菊）,Rudbeckia fulgida
img_017103.jpg,241,金光菊（黑心菊）,Rudbeckia fulgida
img_017134.jpg,241,金光菊（黑心菊）,Rudbeckia fulgida
img_017136.jpg,241,金光菊（黑心菊）,Rudbeckia fulgida
img_017163.jpg,241,金光菊（黑心菊）,Rudbeckia fulgida
img_017075.jpg,241,金光菊（黑心菊）,Rudbeckia fulgida
img_017373.jpg,242,岩生脐草,Umbilicus rupestris
img_017265.jpg,242,岩生脐草,Umbilicus rupestris
img_017397.jpg,242,岩生脐草,Umbilicus rupestris
img_017342.jpg,242,岩生脐草,Umbilicus rupestris
img_017314.jpg,242,岩生脐草,Umbilicus rupestris
img_017309.jpg,242,岩生脐草,Umbilicus rupestris
img_017333.jpg,242,岩生脐草,Umbilicus rupestris
img_017316.jpg,242,岩生脐草,Umbilicus rupestris
img_017374.jpg,242,岩生脐草,Umbilicus rupestris
img_017381.jpg,242,岩生脐草,Umbilicus rupestris
img_017258.jpg,242,岩生脐草,Umbilicus rupestris
img_017267.jpg,242,岩生脐草,Umbilicus rupestris
img_017304.jpg,242,岩生脐草,Umbilicus rupestris
img_017324.jpg,242,岩生脐草,Umbilicus rupestris
img_017399.jpg,242,岩生脐草,Umbilicus rupestris
img_017353.jpg,242,岩生脐草,Umbilicus rupestris
img_017384.jpg,242,岩生脐草,Umbilicus rupestris
img_017386.jpg,242,岩生脐草,Umbilicus rupestris
img_017413.jpg,242,岩生脐草,Umbilicus rupestris
img_017325.jpg,242,岩生脐草,Umbilicus rupestris
img_017623.jpg,243,猫儿菊,Hypochaeris radicata
img_017515.jpg,243,猫儿菊,Hypochaeris radicata
img_017647.jpg,243,猫儿菊,Hypochaeris radicata
img_017592.jpg,243,猫儿菊,Hypochaeris radicata
img_017564.jpg,243,猫儿菊,Hypochaeris radicata
img_017559.jpg,243,猫儿菊,Hypochaeris radicata
img_017583.jpg,243,猫儿菊,Hypochaeris radicata
img_017566.jpg,243,猫儿菊,Hypochaeris radicata
img_017624.jpg,243,猫儿菊,Hypochaeris radicata
img_017631.jpg,243,猫儿菊,Hypochaeris radicata
img_017508.jpg,243,猫儿菊,Hypochaeris radicata
img_017517.jpg,243,猫儿菊,Hypochaeris radicata
img_017554.jpg,243,猫儿菊,Hypochaeris radicata
img_017574.jpg,243,猫儿菊,Hypochaeris radicata
img_017649.jpg,243,猫儿菊,Hypochaeris radicata
img_017603.jpg,243,猫儿菊,Hypochaeris radicata
img_017634.jpg,243,猫儿菊,Hypochaeris radicata
img_017636.jpg,243,猫儿菊,Hypochaeris radicata
img_017663.jpg,243,猫儿菊,Hypochaeris radicata
img_017575.jpg,243,猫儿菊,Hypochaeris radicata
img_017861.jpg,244,勋章菊,Gazania rigens
img_017842.jpg,244,勋章菊,Gazania rigens
img_017887.jpg,244,勋章菊,Gazania rigens
img_017794.jpg,244,勋章菊,Gazania rigens
img_017834.jpg,244,勋章菊,Gazania rigens
img_017816.jpg,244,勋章菊,Gazania rigens
img_017877.jpg,244,勋章菊,Gazania rigens
img_017922.jpg,244,勋章菊,Gazania rigens
img_017779.jpg,244,勋章菊,Gazania rigens
img_017817.jpg,244,勋章菊,Gazania rigens
img_017831.jpg,244,勋章菊,Gazania rigens
img_017868.jpg,244,勋章菊,Gazania rigens
img_017932.jpg,244,勋章菊,Gazania rigens
img_017773.jpg,244,勋章菊,Gazania rigens
img_017886.jpg,244,勋章菊,Gazania rigens
img_017844.jpg,244,勋章菊,Gazania rigens
img_017805.jpg,244,勋章菊,Gazania rigens
img_017768.jpg,244,勋章菊,Gazania rigens
img_017871.jpg,244,勋章菊,Gazania rigens
img_017825.jpg,244,勋章菊,Gazania rigens
img_018011.jpg,245,广布野豌豆,Vicia cracca
img_018119.jpg,245,广布野豌豆,Vicia cracca
img_018091.jpg,245,广布野豌豆,Vicia cracca
img_018167.jpg,245,广布野豌豆,Vicia cracca
img_018061.jpg,245,广布野豌豆,Vicia cracca
img_018184.jpg,245,广布野豌豆,Vicia cracca
img_018142.jpg,245,广布野豌豆,Vicia cracca
img_018004.jpg,245,广布野豌豆,Vicia cracca
img_018013.jpg,245,广布野豌豆,Vicia cracca
img_018123.jpg,245,广布野豌豆,Vicia cracca
img_018185.jpg,245,广布野豌豆,Vicia cracca
img_018040.jpg,245,广布野豌豆,Vicia cracca
img_018187.jpg,245,广布野豌豆,Vicia cracca
img_018159.jpg,245,广布野豌豆,Vicia cracca
img_018096.jpg,245,广布野豌豆,Vicia cracca
img_018064.jpg,245,广布野豌豆,Vicia cracca
img_018121.jpg,245,广布野豌豆,Vicia cracca
img_018118.jpg,245,广布野豌豆,Vicia cracca
img_018070.jpg,245,广布野豌豆,Vicia cracca
img_018073.jpg,245,广布野豌豆,Vicia cracca
img_018368.jpg,1734,欧鼠李,Rhamnus alaternus
img_018260.jpg,1734,欧鼠李,Rhamnus alaternus
img_018392.jpg,1734,欧鼠李,Rhamnus alaternus
img_018337.jpg,1734,欧鼠李,Rhamnus alaternus
img_018309.jpg,1734,欧鼠李,Rhamnus alaternus
img_018304.jpg,1734,欧鼠李,Rhamnus alaternus
img_018328.jpg,1734,欧鼠李,Rhamnus alaternus
img_018311.jpg,1734,欧鼠李,Rhamnus alaternus
img_018369.jpg,1734,欧鼠李,Rhamnus alaternus
img_018376.jpg,1734,欧鼠李,Rhamnus alaternus
img_018253.jpg,1734,欧鼠李,Rhamnus alaternus
img_018262.jpg,1734,欧鼠李,Rhamnus alaternus
img_018299.jpg,1734,欧鼠李,Rhamnus alaternus
img_018319.jpg,1734,欧鼠李,Rhamnus alaternus
img_018394.jpg,1734,欧鼠李,Rhamnus alaternus
img_018348.jpg,1734,欧鼠李,Rhamnus alaternus
img_018379.jpg,1734,欧鼠李,Rhamnus alaternus
img_018381.jpg,1734,欧鼠李,Rhamnus alaternus
img_018408.jpg,1734,欧鼠李,Rhamnus alaternus
img_018320.jpg,1734,欧鼠李,Rhamnus alaternus
img_018618.jpg,1743,欧楂,Cydonia oblonga
img_018510.jpg,1743,欧楂,Cydonia oblonga
img_018642.jpg,1743,欧楂,Cydonia oblonga
img_018587.jpg,1743,欧楂,Cydonia oblonga
img_018559.jpg,1743,欧楂,Cydonia oblonga
img_018554.jpg,1743,欧楂,Cydonia oblonga
img_018578.jpg,1743,欧楂,Cydonia oblonga
img_018561.jpg,1743,欧楂,Cydonia oblonga
img_018619.jpg,1743,欧楂,Cydonia oblonga
img_018626.jpg,1743,欧楂,Cydonia oblonga
img_018503.jpg,1743,欧楂,Cydonia oblonga
img_018512.jpg,1743,欧楂,Cydonia oblonga
img_018549.jpg,1743,欧楂,Cydonia oblonga
img_018569.jpg,1743,欧楂,Cydonia oblonga
img_018644.jpg,1743,欧楂,Cydonia oblonga
img_018598.jpg,1743,欧楂,Cydonia oblonga
img_018629.jpg,1743,欧楂,Cydonia oblonga
img_018631.jpg,1743,欧楂,Cydonia oblonga
img_018658.jpg,1743,欧楂,Cydonia oblonga
img_018570.jpg,1743,欧楂,Cydonia oblonga
img_018760.jpg,1747,苹果薄荷,Mentha suaveolens
img_018868.jpg,1747,苹果薄荷,Mentha suaveolens
img_018840.jpg,1747,苹果薄荷,Mentha suaveolens
img_018916.jpg,1747,苹果薄荷,Mentha suaveolens
img_018810.jpg,1747,苹果薄荷,Mentha suaveolens
img_018933.jpg,1747,苹果薄荷,Mentha suaveolens
img_018891.jpg,1747,苹果薄荷,Mentha suaveolens
img_018753.jpg,1747,苹果薄荷,Mentha suaveolens
img_018762.jpg,1747,苹果薄荷,Mentha suaveolens
img_018872.jpg,1747,苹果薄荷,Mentha suaveolens
img_018934.jpg,1747,苹果薄荷,Mentha suaveolens
img_018789.jpg,1747,苹果薄荷,Mentha suaveolens
img_018936.jpg,1747,苹果薄荷,Mentha suaveolens
img_018908.jpg,1747,苹果薄荷,Mentha suaveolens
img_018845.jpg,1747,苹果薄荷,Mentha suaveolens
img_018813.jpg,1747,苹果薄荷,Mentha suaveolens
img_018870.jpg,1747,苹果薄荷,Mentha suaveolens
img_018867.jpg,1747,苹果薄荷,Mentha suaveolens
img_018819.jpg,1747,苹果薄荷,Mentha suaveolens
img_018822.jpg,1747,苹果薄荷,Mentha suaveolens
img_019117.jpg,1749,北美鹅掌楸（郁金香树）,Liriodendron tulipifera
img_019009.jpg,1749,北美鹅掌楸（郁金香树）,Liriodendron tulipifera
img_019141.jpg,1749,北美鹅掌楸（郁金香树）,Liriodendron tulipifera
img_019086.jpg,1749,北美鹅掌楸（郁金香树）,Liriodendron tulipifera
img_019058.jpg,1749,北美鹅掌楸（郁金香树）,Liriodendron tulipifera
img_019053.jpg,1749,北美鹅掌楸（郁金香树）,Liriodendron tulipifera
img_019077.jpg,1749,北美鹅掌楸（郁金香树）,Liriodendron tulipifera
img_019060.jpg,1749,北美鹅掌楸（郁金香树）,Liriodendron tulipifera
img_019118.jpg,1749,北美鹅掌楸（郁金香树）,Liriodendron tulipifera
img_019125.jpg,1749,北美鹅掌楸（郁金香树）,Liriodendron tulipifera
img_019002.jpg,1749,北美鹅掌楸（郁金香树）,Liriodendron tulipifera
img_019011.jpg,1749,北美鹅掌楸（郁金香树）,Liriodendron tulipifera
img_019048.jpg,1749,北美鹅掌楸（郁金香树）,Liriodendron tulipifera
img_019068.jpg,1749,北美鹅掌楸（郁金香树）,Liriodendron tulipifera
img_019143.jpg,1749,北美鹅掌楸（郁金香树）,Liriodendron tulipifera
img_019097.jpg,1749,北美鹅掌楸（郁金香树）,Liriodendron tulipifera
img_019128.jpg,1749,北美鹅掌楸（郁金香树）,Liriodendron tulipifera
img_019130.jpg,1749,北美鹅掌楸（郁金香树）,Liriodendron tulipifera
img_019157.jpg,1749,北美鹅掌楸（郁金香树）,Liriodendron tulipifera
img_019069.jpg,1749,北美鹅掌楸（郁金香树）,Liriodendron tulipifera
img_019367.jpg,1750,欧洲梨,Pyrus communis
img_019259.jpg,1750,欧洲梨,Pyrus communis
img_019391.jpg,1750,欧洲梨,Pyrus communis
img_019336.jpg,1750,欧洲梨,Pyrus communis
img_019308.jpg,1750,欧洲梨,Pyrus communis
img_019303.jpg,1750,欧洲梨,Pyrus communis
img_019327.jpg,1750,欧洲梨,Pyrus communis
img_019310.jpg,1750,欧洲梨,Pyrus communis
img_019368.jpg,1750,欧洲梨,Pyrus communis
img_019375.jpg,1750,欧洲梨,Pyrus communis
img_019252.jpg,1750,欧洲梨,Pyrus communis
img_019261.jpg,1750,欧洲梨,Pyrus communis
img_019298.jpg,1750,欧洲梨,Pyrus communis
img_019318.jpg,1750,欧洲梨,Pyrus communis
img_019393.jpg,1750,欧洲梨,Pyrus communis
img_019347.jpg,1750,欧洲梨,Pyrus communis
img_019378.jpg,1750,欧洲梨,Pyrus communis
img_019380.jpg,1750,欧洲梨,Pyrus communis
img_019407.jpg,1750,欧洲梨,Pyrus communis
img_019319.jpg,1750,欧洲梨,Pyrus communis
img_019617.jpg,1751,欧洲椴（阔叶椴）,Tilia platyphyllos
img_019509.jpg,1751,欧洲椴（阔叶椴）,Tilia platyphyllos
img_019641.jpg,1751,欧洲椴（阔叶椴）,Tilia platyphyllos
img_019586.jpg,1751,欧洲椴（阔叶椴）,Tilia platyphyllos
img_019558.jpg,1751,欧洲椴（阔叶椴）,Tilia platyphyllos
img_019553.jpg,1751,欧洲椴（阔叶椴）,Tilia platyphyllos
img_019577.jpg,1751,欧洲椴（阔叶椴）,Tilia platyphyllos
img_019560.jpg,1751,欧洲椴（阔叶椴）,Tilia platyphyllos
img_019618.jpg,1751,欧洲椴（阔叶椴）,Tilia platyphyllos
img_019625.jpg,1751,欧洲椴（阔叶椴）,Tilia platyphyllos
img_019502.jpg,1751,欧洲椴（阔叶椴）,Tilia platyphyllos
img_019511.jpg,1751,欧洲椴（阔叶椴）,Tilia platyphyllos
img_019548.jpg,1751,欧洲椴（阔叶椴）,Tilia platyphyllos
img_019568.jpg,1751,欧洲椴（阔叶椴）,Tilia platyphyllos
img_019643.jpg,1751,欧洲椴（阔叶椴）,Tilia platyphyllos
img_019597.jpg,1751,欧洲椴（阔叶椴）,Tilia platyphyllos
img_019628.jpg,1751,欧洲椴（阔叶椴）,Tilia platyphyllos
img_019630.jpg,1751,欧洲椴（阔叶椴）,Tilia platyphyllos
img_019657.jpg,1751,欧洲椴（阔叶椴）,Tilia platyphyllos
img_019569.jpg,1751,欧洲椴（阔叶椴）,Tilia platyphyllos
img_019867.jpg,1759,香桃木,Myrtus communis
img_019759.jpg,1759,香桃木,Myrtus communis
img_019891.jpg,1759,香桃木,Myrtus communis
img_019836.jpg,1759,香桃木,Myrtus communis
img_019808.jpg,1759,香桃木,Myrtus communis
img_019803.jpg,1759,香桃木,Myrtus communis
img_019827.jpg,1759,香桃木,Myrtus communis
img_019810.jpg,1759,香桃木,Myrtus communis
img_019868.jpg,1759,香桃木,Myrtus communis
img_019875.jpg,1759,香桃木,Myrtus communis
img_019752.jpg,1759,香桃木,Myrtus communis
img_019761.jpg,1759,香桃木,Myrtus communis
img_019798.jpg,1759,香桃木,Myrtus communis
img_019818.jpg,1759,香桃木,Myrtus communis
img_019893.jpg,1759,香桃木,Myrtus communis
img_019847.jpg,1759,香桃木,Myrtus communis
img_019878.jpg,1759,香桃木,Myrtus communis
img_019880.jpg,1759,香桃木,Myrtus communis
img_019907.jpg,1759,香桃木,Myrtus communis
img_019819.jpg,1759,香桃木,Myrtus communis
img_020117.jpg,1765,欧洲赤松,Pinus sylvestris
img_020009.jpg,1765,欧洲赤松,Pinus sylvestris
img_020141.jpg,1765,欧洲赤松,Pinus sylvestris
img_020086.jpg,1765,欧洲赤松,Pinus sylvestris
img_020058.jpg,1765,欧洲赤松,Pinus sylvestris
img_020053.jpg,1765,欧洲赤松,Pinus sylvestris
img_020077.jpg,1765,欧洲赤松,Pinus sylvestris
img_020060.jpg,1765,欧洲赤松,Pinus sylvestris
img_020118.jpg,1765,欧洲赤松,Pinus sylvestris
img_020125.jpg,1765,欧洲赤松,Pinus sylvestris
img_020002.jpg,1765,欧洲赤松,Pinus sylvestris
img_020011.jpg,1765,欧洲赤松,Pinus sylvestris
img_020048.jpg,1765,欧洲赤松,Pinus sylvestris
img_020068.jpg,1765,欧洲赤松,Pinus sylvestris
img_020143.jpg,1765,欧洲赤松,Pinus sylvestris
img_020097.jpg,1765,欧洲赤松,Pinus sylvestris
img_020128.jpg,1765,欧洲赤松,Pinus sylvestris
img_020130.jpg,1765,欧洲赤松,Pinus sylvestris
img_020157.jpg,1765,欧洲赤松,Pinus sylvestris
img_020069.jpg,1765,欧洲赤松,Pinus sylvestris
img_020367.jpg,1770,香龙血树（巴西木）,Dracaena fragrans
img_020259.jpg,1770,香龙血树（巴西木）,Dracaena fragrans
img_020391.jpg,1770,香龙血树（巴西木）,Dracaena fragrans
img_020336.jpg,1770,香龙血树（巴西木）,Dracaena fragrans
img_020308.jpg,1770,香龙血树（巴西木）,Dracaena fragrans
img_020303.jpg,1770,香龙血树（巴西木）,Dracaena fragrans
img_020327.jpg,1770,香龙血树（巴西木）,Dracaena fragrans
img_020310.jpg,1770,香龙血树（巴西木）,Dracaena fragrans
img_020368.jpg,1770,香龙血树（巴西木）,Dracaena fragrans
img_020375.jpg,1770,香龙血树（巴西木）,Dracaena fragrans
img_020252.jpg,1770,香龙血树（巴西木）,Dracaena fragrans
img_020261.jpg,1770,香龙血树（巴西木）,Dracaena fragrans
img_020298.jpg,1770,香龙血树（巴西木）,Dracaena fragrans
img_020318.jpg,1770,香龙血树（巴西木）,Dracaena fragrans
img_020393.jpg,1770,香龙血树（巴西木）,Dracaena fragrans
img_020347.jpg,1770,香龙血树（巴西木）,Dracaena fragrans
img_020378.jpg,1770,香龙血树（巴西木）,Dracaena fragrans
img_020380.jpg,1770,香龙血树（巴西木）,Dracaena fragrans
img_020407.jpg,1770,香龙血树（巴西木）,Dracaena fragrans
img_020319.jpg,1770,香龙血树（巴西木）,Dracaena fragrans
img_020617.jpg,1772,水飞蓟,Silybum marianum
img_020509.jpg,1772,水飞蓟,Silybum marianum
img_020641.jpg,1772,水飞蓟,Silybum marianum
img_020586.jpg,1772,水飞蓟,Silybum marianum
img_020558.jpg,1772,水飞蓟,Silybum marianum
img_020553.jpg,1772,水飞蓟,Silybum marianum
img_020577.jpg,1772,水飞蓟,Silybum marianum
img_020560.jpg,1772,水飞蓟,Silybum marianum
img_020618.jpg,1772,水飞蓟,Silybum marianum
img_020625.jpg,1772,水飞蓟,Silybum marianum
img_020502.jpg,1772,水飞蓟,Silybum marianum
img_020511.jpg,1772,水飞蓟,Silybum marianum
img_020548.jpg,1772,水飞蓟,Silybum marianum
img_020568.jpg,1772,水飞蓟,Silybum marianum
img_020643.jpg,1772,水飞蓟,Silybum marianum
img_020597.jpg,1772,水飞蓟,Silybum marianum
img_020628.jpg,1772,水飞蓟,Silybum marianum
img_020630.jpg,1772,水飞蓟,Silybum marianum
img_020657.jpg,1772,水飞蓟,Silybum marianum
img_020569.jpg,1772,水飞蓟,Silybum marianum
img_020867.jpg,1774,栾树,Koelreuteria paniculata
img_020759.jpg,1774,栾树,Koelreuteria paniculata
img_020891.jpg,1774,栾树,Koelreuteria paniculata
img_020836.jpg,1774,栾树,Koelreuteria paniculata
img_020808.jpg,1774,栾树,Koelreuteria paniculata
img_020803.jpg,1774,栾树,Koelreuteria paniculata
img_020827.jpg,1774,栾树,Koelreuteria paniculata
img_020810.jpg,1774,栾树,Koelreuteria paniculata
img_020868.jpg,1774,栾树,Koelreuteria paniculata
img_020875.jpg,1774,栾树,Koelreuteria paniculata
img_020752.jpg,1774,栾树,Koelreuteria paniculata
img_020761.jpg,1774,栾树,Koelreuteria paniculata
img_020798.jpg,1774,栾树,Koelreuteria paniculata
img_020818.jpg,1774,栾树,Koelreuteria paniculata
img_020893.jpg,1774,栾树,Koelreuteria paniculata
img_020847.jpg,1774,栾树,Koelreuteria paniculata
img_020878.jpg,1774,栾树,Koelreuteria paniculata
img_020880.jpg,1774,栾树,Koelreuteria paniculata
img_020907.jpg,1774,栾树,Koelreuteria paniculata
img_020819.jpg,1774,栾树,Koelreuteria paniculata
img_021009.jpg,1776,欧洲山杨（垂枝桦）,Betula pendula
img_021117.jpg,1776,欧洲山杨（垂枝桦）,Betula pendula
img_021089.jpg,1776,欧洲山杨（垂枝桦）,Betula pendula
img_021165.jpg,1776,欧洲山杨（垂枝桦）,Betula pendula
img_021059.jpg,1776,欧洲山杨（垂枝桦）,Betula pendula
img_021182.jpg,1776,欧洲山杨（垂枝桦）,Betula pendula
img_021140.jpg,1776,欧洲山杨（垂枝桦）,Betula pendula
img_021002.jpg,1776,欧洲山杨（垂枝桦）,Betula pendula
img_021011.jpg,1776,欧洲山杨（垂枝桦）,Betula pendula
img_021121.jpg,1776,欧洲山杨（垂枝桦）,Betula pendula
img_021183.jpg,1776,欧洲山杨（垂枝桦）,Betula pendula
img_021038.jpg,1776,欧洲山杨（垂枝桦）,Betula pendula
img_021185.jpg,1776,欧洲山杨（垂枝桦）,Betula pendula
img_021157.jpg,1776,欧洲山杨（垂枝桦）,Betula pendula
img_021094.jpg,1776,欧洲山杨（垂枝桦）,Betula pendula
img_021062.jpg,1776,欧洲山杨（垂枝桦）,Betula pendula
img_021119.jpg,1776,欧洲山杨（垂枝桦）,Betula pendula
img_021116.jpg,1776,欧洲山杨（垂枝桦）,Betula pendula
img_021068.jpg,1776,欧洲山杨（垂枝桦）,Betula pendula
img_021071.jpg,1776,欧洲山杨（垂枝桦）,Betula pendula
img_021355.jpg,1777,日本木瓜（倭海棠）,Chaenomeles japonica
img_021403.jpg,1777,日本木瓜（倭海棠）,Chaenomeles japonica
img_021302.jpg,1777,日本木瓜（倭海棠）,Chaenomeles japonica
img_021429.jpg,1777,日本木瓜（倭海棠）,Chaenomeles japonica
img_021315.jpg,1777,日本木瓜（倭海棠）,Chaenomeles japonica
img_021310.jpg,1777,日本木瓜（倭海棠）,Chaenomeles japonica
img_021361.jpg,1777,日本木瓜（倭海棠）,Chaenomeles japonica
img_021405.jpg,1777,日本木瓜（倭海棠）,Chaenomeles japonica
img_021359.jpg,1777,日本木瓜（倭海棠）,Chaenomeles japonica
img_021417.jpg,1777,日本木瓜（倭海棠）,Chaenomeles japonica
img_021311.jpg,1777,日本木瓜（倭海棠）,Chaenomeles japonica
img_021318.jpg,1777,日本木瓜（倭海棠）,Chaenomeles japonica
img_021367.jpg,1777,日本木瓜（倭海棠）,Chaenomeles japonica
img_021324.jpg,1777,日本木瓜（倭海棠）,Chaenomeles japonica
img_021266.jpg,1777,日本木瓜（倭海棠）,Chaenomeles japonica
img_021433.jpg,1777,日本木瓜（倭海棠）,Chaenomeles japonica
img_021338.jpg,1777,日本木瓜（倭海棠）,Chaenomeles japonica
img_021413.jpg,1777,日本木瓜（倭海棠）,Chaenomeles japonica
img_021261.jpg,1777,日本木瓜（倭海棠）,Chaenomeles japonica
img_021392.jpg,1777,日本木瓜（倭海棠）,Chaenomeles japonica
img_021602.jpg,1780,宽叶山黧豆（香豌豆）,Lathyrus latifolius
img_021583.jpg,1780,宽叶山黧豆（香豌豆）,Lathyrus latifolius
img_021629.jpg,1780,宽叶山黧豆（香豌豆）,Lathyrus latifolius
img_021535.jpg,1780,宽叶山黧豆（香豌豆）,Lathyrus latifolius
img_021575.jpg,1780,宽叶山黧豆（香豌豆）,Lathyrus latifolius
img_021557.jpg,1780,宽叶山黧豆（香豌豆）,Lathyrus latifolius
img_021637.jpg,1780,宽叶山黧豆（香豌豆）,Lathyrus latifolius
img_021664.jpg,1780,宽叶山黧豆（香豌豆）,Lathyrus latifolius
img_021520.jpg,1780,宽叶山黧豆（香豌豆）,Lathyrus latifolius
img_021558.jpg,1780,宽叶山黧豆（香豌豆）,Lathyrus latifolius
img_021572.jpg,1780,宽叶山黧豆（香豌豆）,Lathyrus latifolius
img_021609.jpg,1780,宽叶山黧豆（香豌豆）,Lathyrus latifolius
img_021674.jpg,1780,宽叶山黧豆（香豌豆）,Lathyrus latifolius
img_021514.jpg,1780,宽叶山黧豆（香豌豆）,Lathyrus latifolius
img_021622.jpg,1780,宽叶山黧豆（香豌豆）,Lathyrus latifolius
img_021585.jpg,1780,宽叶山黧豆（香豌豆）,Lathyrus latifolius
img_021546.jpg,1780,宽叶山黧豆（香豌豆）,Lathyrus latifolius
img_021509.jpg,1780,宽叶山黧豆（香豌豆）,Lathyrus latifolius
img_021612.jpg,1780,宽叶山黧豆（香豌豆）,Lathyrus latifolius
img_021566.jpg,1780,宽叶山黧豆（香豌豆）,Lathyrus latifolius
img_021861.jpg,1784,打碗花（篱打碗花）,Calystegia sepium
img_021753.jpg,1784,打碗花（篱打碗花）,Calystegia sepium
img_021885.jpg,1784,打碗花（篱打碗花）,Calystegia sepium
img_021830.jpg,1784,打碗花（篱打碗花）,Calystegia sepium
img_021802.jpg,1784,打碗花（篱打碗花）,Calystegia sepium
img_021797.jpg,1784,打碗花（篱打碗花）,Calystegia sepium
img_021821.jpg,1784,打碗花（篱打碗花）,Calystegia sepium
img_021804.jpg,1784,打碗花（篱打碗花）,Calystegia sepium
img_021862.jpg,1784,打碗花（篱打碗花）,Calystegia sepium
img_021869.jpg,1784,打碗花（篱打碗花）,Calystegia sepium
img_021746.jpg,1784,打碗花（篱打碗花）,Calystegia sepium
img_021755.jpg,1784,打碗花（篱打碗花）,Calystegia sepium
img_021792.jpg,1784,打碗花（篱打碗花）,Calystegia sepium
img_021812.jpg,1784,打碗花（篱打碗花）,Calystegia sepium
img_021887.jpg,1784,打碗花（篱打碗花）,Calystegia sepium
img_021841.jpg,1784,打碗花（篱打碗花）,Calystegia sepium
img_021872.jpg,1784,打碗花（篱打碗花）,Calystegia sepium
img_021874.jpg,1784,打碗花（篱打碗花）,Calystegia sepium
img_021901.jpg,1784,打碗花（篱打碗花）,Calystegia sepium
img_021813.jpg,1784,打碗花（篱打碗花）,Calystegia sepium
img_022111.jpg,1785,龙舌兰,Agave americana
img_022003.jpg,1785,龙舌兰,Agave americana
img_022135.jpg,1785,龙舌兰,Agave americana
img_022080.jpg,1785,龙舌兰,Agave americana
img_022052.jpg,1785,龙舌兰,Agave americana
img_022047.jpg,1785,龙舌兰,Agave americana
img_022071.jpg,1785,龙舌兰,Agave americana
img_022054.jpg,1785,龙舌兰,Agave americana
img_022112.jpg,1785,龙舌兰,Agave americana
img_022119.jpg,1785,龙舌兰,Agave americana
img_021996.jpg,1785,龙舌兰,Agave americana
img_022005.jpg,1785,龙舌兰,Agave americana
img_022042.jpg,1785,龙舌兰,Agave americana
img_022062.jpg,1785,龙舌兰,Agave americana
img_022137.jpg,1785,龙舌兰,Agave americana
img_022091.jpg,1785,龙舌兰,Agave americana
img_022122.jpg,1785,龙舌兰,Agave americana
img_022124.jpg,1785,龙舌兰,Agave americana
img_022151.jpg,1785,龙舌兰,Agave americana
img_022063.jpg,1785,龙舌兰,Agave americana
img_022361.jpg,1786,欧洲云杉（挪威云杉）,Picea abies
img_022253.jpg,1786,欧洲云杉（挪威云杉）,Picea abies
img_022385.jpg,1786,欧洲云杉（挪威云杉）,Picea abies
img_022330.jpg,1786,欧洲云杉（挪威云杉）,Picea abies
img_022302.jpg,1786,欧洲云杉（挪威云杉）,Picea abies
img_022297.jpg,1786,欧洲云杉（挪威云杉）,Picea abies
img_022321.jpg,1786,欧洲云杉（挪威云杉）,Picea abies
img_022304.jpg,1786,欧洲云杉（挪威云杉）,Picea abies
img_022362.jpg,1786,欧洲云杉（挪威云杉）,Picea abies
img_022369.jpg,1786,欧洲云杉（挪威云杉）,Picea abies
img_022246.jpg,1786,欧洲云杉（挪威云杉）,Picea abies
img_022255.jpg,1786,欧洲云杉（挪威云杉）,Picea abies
img_022292.jpg,1786,欧洲云杉（挪威云杉）,Picea abies
img_022312.jpg,1786,欧洲云杉（挪威云杉）,Picea abies
img_022387.jpg,1786,欧洲云杉（挪威云杉）,Picea abies
img_022341.jpg,1786,欧洲云杉（挪威云杉）,Picea abies
img_022372.jpg,1786,欧洲云杉（挪威云杉）,Picea abies
img_022374.jpg,1786,欧洲云杉（挪威云杉）,Picea abies
img_022401.jpg,1786,欧洲云杉（挪威云杉）,Picea abies
img_022313.jpg,1786,欧洲云杉（挪威云杉）,Picea abies
img_022611.jpg,1789,白柳,Salix alba
img_022503.jpg,1789,白柳,Salix alba
img_022635.jpg,1789,白柳,Salix alba
img_022580.jpg,1789,白柳,Salix alba
img_022552.jpg,1789,白柳,Salix alba
img_022547.jpg,1789,白柳,Salix alba
img_022571.jpg,1789,白柳,Salix alba
img_022554.jpg,1789,白柳,Salix alba
img_022612.jpg,1789,白柳,Salix alba
img_022619.jpg,1789,白柳,Salix alba
img_022496.jpg,1789,白柳,Salix alba
img_022505.jpg,1789,白柳,Salix alba
img_022542.jpg,1789,白柳,Salix alba
img_022562.jpg,1789,白柳,Salix alba
img_022637.jpg,1789,白柳,Salix alba
img_022591.jpg,1789,白柳,Salix alba
img_022622.jpg,1789,白柳,Salix alba
img_022624.jpg,1789,白柳,Salix alba
img_022651.jpg,1789,白柳,Salix alba
img_022563.jpg,1789,白柳,Salix alba
img_022861.jpg,1796,红花接骨木,Sambucus racemosa
img_022753.jpg,1796,红花接骨木,Sambucus racemosa
img_022885.jpg,1796,红花接骨木,Sambucus racemosa
img_022830.jpg,1796,红花接骨木,Sambucus racemosa
img_022802.jpg,1796,红花接骨木,Sambucus racemosa
img_022797.jpg,1796,红花接骨木,Sambucus racemosa
img_022821.jpg,1796,红花接骨木,Sambucus racemosa
img_022804.jpg,1796,红花接骨木,Sambucus racemosa
img_022862.jpg,1796,红花接骨木,Sambucus racemosa
img_022869.jpg,1796,红花接骨木,Sambucus racemosa
img_022746.jpg,1796,红花接骨木,Sambucus racemosa
img_022755.jpg,1796,红花接骨木,Sambucus racemosa
img_022792.jpg,1796,红花接骨木,Sambucus racemosa
img_022812.jpg,1796,红花接骨木,Sambucus racemosa
img_022887.jpg,1796,红花接骨木,Sambucus racemosa
img_022841.jpg,1796,红花接骨木,Sambucus racemosa
img_022872.jpg,1796,红花接骨木,Sambucus racemosa
img_022874.jpg,1796,红花接骨木,Sambucus racemosa
img_022901.jpg,1796,红花接骨木,Sambucus racemosa
img_022813.jpg,1796,红花接骨木,Sambucus racemosa
img_023111.jpg,1797,黄杨,Buxus sempervirens
img_023003.jpg,1797,黄杨,Buxus sempervirens
img_023135.jpg,1797,黄杨,Buxus sempervirens
img_023080.jpg,1797,黄杨,Buxus sempervirens
img_023052.jpg,1797,黄杨,Buxus sempervirens
img_023047.jpg,1797,黄杨,Buxus sempervirens
img_023071.jpg,1797,黄杨,Buxus sempervirens
img_023054.jpg,1797,黄杨,Buxus sempervirens
img_023112.jpg,1797,黄杨,Buxus sempervirens
img_023119.jpg,1797,黄杨,Buxus sempervirens
img_022996.jpg,1797,黄杨,Buxus sempervirens
img_023005.jpg,1797,黄杨,Buxus sempervirens
img_023042.jpg,1797,黄杨,Buxus sempervirens
img_023062.jpg,1797,黄杨,Buxus sempervirens
img_023137.jpg,1797,黄杨,Buxus sempervirens
img_023091.jpg,1797,黄杨,Buxus sempervirens
img_023122.jpg,1797,黄杨,Buxus sempervirens
img_023124.jpg,1797,黄杨,Buxus sempervirens
img_023151.jpg,1797,黄杨,Buxus sempervirens
img_023063.jpg,1797,黄杨,Buxus sempervirens
img_023361.jpg,1801,斑点蓼,Persicaria maculosa
img_023253.jpg,1801,斑点蓼,Persicaria maculosa
img_023385.jpg,1801,斑点蓼,Persicaria maculosa
img_023330.jpg,1801,斑点蓼,Persicaria maculosa
img_023302.jpg,1801,斑点蓼,Persicaria maculosa
img_023297.jpg,1801,斑点蓼,Persicaria maculosa
img_023321.jpg,1801,斑点蓼,Persicaria maculosa
img_023304.jpg,1801,斑点蓼,Persicaria maculosa
img_023362.jpg,1801,斑点蓼,Persicaria maculosa
img_023369.jpg,1801,斑点蓼,Persicaria maculosa
img_023246.jpg,1801,斑点蓼,Persicaria maculosa
img_023255.jpg,1801,斑点蓼,Persicaria maculosa
img_023292.jpg,1801,斑点蓼,Persicaria maculosa
img_023312.jpg,1801,斑点蓼,Persicaria maculosa
img_023387.jpg,1801,斑点蓼,Persicaria maculosa
img_023341.jpg,1801,斑点蓼,Persicaria maculosa
img_023372.jpg,1801,斑点蓼,Persicaria maculosa
img_023374.jpg,1801,斑点蓼,Persicaria maculosa
img_023401.jpg,1801,斑点蓼,Persicaria maculosa
img_023313.jpg,1801,斑点蓼,Persicaria maculosa
img_023600.jpg,1805,留兰香（绿薄荷）,Mentha spicata
img_023648.jpg,1805,留兰香（绿薄荷）,Mentha spicata
img_023547.jpg,1805,留兰香（绿薄荷）,Mentha spicata
img_023674.jpg,1805,留兰香（绿薄荷）,Mentha spicata
img_023560.jpg,1805,留兰香（绿薄荷）,Mentha spicata
img_023555.jpg,1805,留兰香（绿薄荷）,Mentha spicata
img_023606.jpg,1805,留兰香（绿薄荷）,Mentha spicata
img_023650.jpg,1805,留兰香（绿薄荷）,Mentha spicata
img_023604.jpg,1805,留兰香（绿薄荷）,Mentha spicata
img_023662.jpg,1805,留兰香（绿薄荷）,Mentha spicata
img_023556.jpg,1805,留兰香（绿薄荷）,Mentha spicata
img_023563.jpg,1805,留兰香（绿薄荷）,Mentha spicata
img_023612.jpg,1805,留兰香（绿薄荷）,Mentha spicata
img_023569.jpg,1805,留兰香（绿薄荷）,Mentha spicata
img_023511.jpg,1805,留兰香（绿薄荷）,Mentha spicata
img_023678.jpg,1805,留兰香（绿薄荷）,Mentha spicata
img_023583.jpg,1805,留兰香（绿薄荷）,Mentha spicata
img_023658.jpg,1805,留兰香（绿薄荷）,Mentha spicata
img_023506.jpg,1805,留兰香（绿薄荷）,Mentha spicata
img_023637.jpg,1805,留兰香（绿薄荷）,Mentha spicata
img_023847.jpg,1806,女贞（大叶女贞）,Ligustrum lucidum
img_023828.jpg,1806,女贞（大叶女贞）,Ligustrum lucidum
img_023874.jpg,1806,女贞（大叶女贞）,Ligustrum lucidum
img_023780.jpg,1806,女贞（大叶女贞）,Ligustrum lucidum
img_023820.jpg,1806,女贞（大叶女贞）,Ligustrum lucidum
img_023802.jpg,1806,女贞（大叶女贞）,Ligustrum lucidum
img_023882.jpg,1806,女贞（大叶女贞）,Ligustrum lucidum
img_023909.jpg,1806,女贞（大叶女贞）,Ligustrum lucidum
img_023765.jpg,1806,女贞（大叶女贞）,Ligustrum lucidum
img_023803.jpg,1806,女贞（大叶女贞）,Ligustrum lucidum
img_023817.jpg,1806,女贞（大叶女贞）,Ligustrum lucidum
img_023854.jpg,1806,女贞（大叶女贞）,Ligustrum lucidum
img_023919.jpg,1806,女贞（大叶女贞）,Ligustrum lucidum
img_023759.jpg,1806,女贞（大叶女贞）,Ligustrum lucidum
img_023867.jpg,1806,女贞（大叶女贞）,Ligustrum lucidum
img_023830.jpg,1806,女贞（大叶女贞）,Ligustrum lucidum
img_023791.jpg,1806,女贞（大叶女贞）,Ligustrum lucidum
img_023754.jpg,1806,女贞（大叶女贞）,Ligustrum lucidum
img_023857.jpg,1806,女贞（大叶女贞）,Ligustrum lucidum
img_023811.jpg,1806,女贞（大叶女贞）,Ligustrum lucidum
img_023998.jpg,1808,泽珍珠菜,Lysimachia vulgaris
img_024106.jpg,1808,泽珍珠菜,Lysimachia vulgaris
img_024078.jpg,1808,泽珍珠菜,Lysimachia vulgaris
img_024154.jpg,1808,泽珍珠菜,Lysimachia vulgaris
img_024048.jpg,1808,泽珍珠菜,Lysimachia vulgaris
img_024171.jpg,1808,泽珍珠菜,Lysimachia vulgaris
img_024129.jpg,1808,泽珍珠菜,Lysimachia vulgaris
img_023991.jpg,1808,泽珍珠菜,Lysimachia vulgaris
img_024000.jpg,1808,泽珍珠菜,Lysimachia vulgaris
img_024110.jpg,1808,泽珍珠菜,Lysimachia vulgaris
img_024172.jpg,1808,泽珍珠菜,Lysimachia vulgaris
img_024027.jpg,1808,泽珍珠菜,Lysimachia vulgaris
img_024174.jpg,1808,泽珍珠菜,Lysimachia vulgaris
img_024146.jpg,1808,泽珍珠菜,Lysimachia vulgaris
img_024083.jpg,1808,泽珍珠菜,Lysimachia vulgaris
img_024051.jpg,1808,泽珍珠菜,Lysimachia vulgaris
img_024108.jpg,1808,泽珍珠菜,Lysimachia vulgaris
img_024105.jpg,1808,泽珍珠菜,Lysimachia vulgaris
img_024057.jpg,1808,泽珍珠菜,Lysimachia vulgaris
img_024060.jpg,1808,泽珍珠菜,Lysimachia vulgaris
img_024247.jpg,1818,野甘蓝（花椰菜祖先）,Brassica oleracea
img_024355.jpg,1818,野甘蓝（花椰菜祖先）,Brassica oleracea
img_024327.jpg,1818,野甘蓝（花椰菜祖先）,Brassica oleracea
img_024403.jpg,1818,野甘蓝（花椰菜祖先）,Brassica oleracea
img_024297.jpg,1818,野甘蓝（花椰菜祖先）,Brassica oleracea
img_024420.jpg,1818,野甘蓝（花椰菜祖先）,Brassica oleracea
img_024378.jpg,1818,野甘蓝（花椰菜祖先）,Brassica oleracea
img_024240.jpg,1818,野甘蓝（花椰菜祖先）,Brassica oleracea
img_024249.jpg,1818,野甘蓝（花椰菜祖先）,Brassica oleracea
img_024359.jpg,1818,野甘蓝（花椰菜祖先）,Brassica oleracea
img_024421.jpg,1818,野甘蓝（花椰菜祖先）,Brassica oleracea
img_024276.jpg,1818,野甘蓝（花椰菜祖先）,Brassica oleracea
img_024423.jpg,1818,野甘蓝（花椰菜祖先）,Brassica oleracea
img_024395.jpg,1818,野甘蓝（花椰菜祖先）,Brassica oleracea
img_024332.jpg,1818,野甘蓝（花椰菜祖先）,Brassica oleracea
img_024300.jpg,1818,野甘蓝（花椰菜祖先）,Brassica oleracea
img_024357.jpg,1818,野甘蓝（花椰菜祖先）,Brassica oleracea
img_024354.jpg,1818,野甘蓝（花椰菜祖先）,Brassica oleracea
img_024306.jpg,1818,野甘蓝（花椰菜祖先）,Brassica oleracea
img_024309.jpg,1818,野甘蓝（花椰菜祖先）,Brassica oleracea
img_024496.jpg,1827,晚花稠李,Prunus serotina
img_024604.jpg,1827,晚花稠李,Prunus serotina
img_024576.jpg,1827,晚花稠李,Prunus serotina
img_024652.jpg,1827,晚花稠李,Prunus serotina
img_024546.jpg,1827,晚花稠李,Prunus serotina
img_024669.jpg,1827,晚花稠李,Prunus serotina
img_024627.jpg,1827,晚花稠李,Prunus serotina
img_024489.jpg,1827,晚花稠李,Prunus serotina
img_024498.jpg,1827,晚花稠李,Prunus serotina
img_024608.jpg,1827,晚花稠李,Prunus serotina
img_024670.jpg,1827,晚花稠李,Prunus serotina
img_024525.jpg,1827,晚花稠李,Prunus serotina
img_024672.jpg,1827,晚花稠李,Prunus serotina
img_024644.jpg,1827,晚花稠李,Prunus serotina
img_024581.jpg,1827,晚花稠李,Prunus serotina
img_024549.jpg,1827,晚花稠李,Prunus serotina
img_024606.jpg,1827,晚花稠李,Prunus serotina
img_024603.jpg,1827,晚花稠李,Prunus serotina
img_024555.jpg,1827,晚花稠李,Prunus serotina
img_024558.jpg,1827,晚花稠李,Prunus serotina
img_024853.jpg,1833,多叶羽扇豆（鲁冰花）,Lupinus polyphyllus
img_024745.jpg,1833,多叶羽扇豆（鲁冰花）,Lupinus polyphyllus
img_024877.jpg,1833,多叶羽扇豆（鲁冰花）,Lupinus polyphyllus
img_024822.jpg,1833,多叶羽扇豆（鲁冰花）,Lupinus polyphyllus
img_024794.jpg,1833,多叶羽扇豆（鲁冰花）,Lupinus polyphyllus
img_024789.jpg,1833,多叶羽扇豆（鲁冰花）,Lupinus polyphyllus
img_024813.jpg,1833,多叶羽扇豆（鲁冰花）,Lupinus polyphyllus
img_024796.jpg,1833,多叶羽扇豆（鲁冰花）,Lupinus polyphyllus
img_024854.jpg,1833,多叶羽扇豆（鲁冰花）,Lupinus polyphyllus
img_024861.jpg,1833,多叶羽扇豆（鲁冰花）,Lupinus polyphyllus
img_024738.jpg,1833,多叶羽扇豆（鲁冰花）,Lupinus polyphyllus
img_024747.jpg,1833,多叶羽扇豆（鲁冰花）,Lupinus polyphyllus
img_024784.jpg,1833,多叶羽扇豆（鲁冰花）,Lupinus polyphyllus
img_024804.jpg,1833,多叶羽扇豆（鲁冰花）,Lupinus polyphyllus
img_024879.jpg,1833,多叶羽扇豆（鲁冰花）,Lupinus polyphyllus
img_024833.jpg,1833,多叶羽扇豆（鲁冰花）,Lupinus polyphyllus
img_024864.jpg,1833,多叶羽扇豆（鲁冰花）,Lupinus polyphyllus
img_024866.jpg,1833,多叶羽扇豆（鲁冰花）,Lupinus polyphyllus
img_024893.jpg,1833,多叶羽扇豆（鲁冰花）,Lupinus polyphyllus
img_024805.jpg,1833,多叶羽扇豆（鲁冰花）,Lupinus polyphyllus
